model,sym,date,gap,risk,ret,R,outcome,bars,filled
A next open,KRBL,2024-09-16,4.207758053911914,2.7144408251900107,-2.714440825190012,-1.0000000000000004,stop,1,1
B retest,KRBL,2024-09-16,4.207758053911914,,,,no fill,0,0
C break,KRBL,2024-09-16,4.207758053911914,,,,no fill,0,0
A next open,KRBL,2025-05-19,4.73838555332613,4.510529311326115,9.021058622652234,2.000000000000001,target,17,1
B retest,KRBL,2025-05-19,4.73838555332613,3.991416309012872,7.982832618025748,2.0000000000000013,target,15,1
C break,KRBL,2025-05-19,4.73838555332613,6.270949720670388,-6.270949720670382,-0.999999999999999,stop,22,1
A next open,KRBL,2025-08-08,4.881000403388458,8.867858394672272,-8.867858394672268,-0.9999999999999996,stop,24,1
B retest,KRBL,2025-08-08,4.881000403388458,8.85720962841785,-8.85720962841785,-1.0,stop,23,1
C break,KRBL,2025-08-08,4.881000403388458,12.975566216668522,-12.975566216668522,-1.0,stop,21,1
A next open,KRBL,2025-11-14,4.90635716169876,9.197674418604654,-9.19767441860465,-0.9999999999999997,stop,15,1
B retest,KRBL,2025-11-14,4.90635716169876,9.060207290089679,-9.060207290089672,-0.9999999999999992,stop,14,1
C break,KRBL,2025-11-14,4.90635716169876,,,,no fill,0,0
A next open,SJVN,2023-09-11,4.374999999999996,17.02127659574469,-7.071339173967461,-0.4154411764705881,time,25,1
B retest,SJVN,2023-09-11,4.374999999999996,13.671875,-2.473958333333326,-0.18095238095238042,time,25,1
C break,SJVN,2023-09-11,4.374999999999996,14.671814671814678,-14.671814671814676,-0.9999999999999999,stop,25,1
A next open,SIEMENS,2024-05-15,5.398283899736511,2.7151545798041967,-2.715154579804202,-1.000000000000002,stop,12,1
B retest,SIEMENS,2024-05-15,5.398283899736511,2.7151545798041967,-2.715154579804202,-1.000000000000002,stop,11,1
C break,SIEMENS,2024-05-15,5.398283899736511,4.337016574585635,-4.33701657458564,-1.000000000000001,stop,8,1
A next open,CRISIL,2024-02-19,5.7667274147357395,7.350000000000007,0.38529411764705035,0.05242096838735374,time,25,1
B retest,CRISIL,2024-02-19,5.7667274147357395,5.995225305878849,-0.9410126330448687,-0.1569603451136561,time,25,1
C break,CRISIL,2024-02-19,5.7667274147357395,,,,no fill,0,0
A next open,FEDFINA,2025-07-29,4.734111543450048,4.340277777777767,-5.64613526570048,-1.3008695652173938,stop,2,1
B retest,FEDFINA,2025-07-29,4.734111543450048,4.152170624716378,-5.46059597640296,-1.3151183970856102,stop,1,1
C break,FEDFINA,2025-07-29,4.734111543450048,,,,no fill,0,0
A next open,IDBI,2023-09-04,5.245628642797673,4.261796042617966,8.828006088280048,2.0714285714285654,target,2,1
B retest,IDBI,2023-09-04,5.245628642797673,3.081664098613262,6.163328197226514,1.999999999999997,target,1,1
C break,IDBI,2023-09-04,5.245628642797673,10.716820440028394,-0.4968062455642408,-0.04635761589404072,time,25,1
A next open,PRUDENT,2024-10-31,4.975216053363796,11.812693498452017,-11.81269349845202,-1.0000000000000002,stop,3,1
B retest,PRUDENT,2024-10-31,4.975216053363796,8.48941433482186,-8.489414334821854,-0.9999999999999993,stop,1,1
C break,PRUDENT,2024-10-31,4.975216053363796,,,,no fill,0,0
A next open,ACUTAAS,2025-01-29,8.938250611117017,11.426040744021257,6.510186005314433,0.5697674418604648,time,25,1
B retest,ACUTAAS,2025-01-29,8.938250611117017,11.426040744021257,9.034543844109821,0.7906976744186037,time,25,1
C break,ACUTAAS,2025-01-29,8.938250611117017,16.10738255033557,-3.036912751677856,-0.1885416666666669,time,25,1
A next open,MANORAMA,2026-01-29,8.01565557729942,3.326039387308527,-3.3260393873085325,-1.0000000000000016,stop,2,1
B retest,MANORAMA,2026-01-29,8.01565557729942,3.326039387308527,-3.3260393873085325,-1.0000000000000016,stop,1,1
C break,MANORAMA,2026-01-29,8.01565557729942,,,,no fill,0,0
A next open,ENTERO,2026-08-25,4.26199503203033,5.9951010410287875,11.990202082057566,1.9999999999999984,target,3,1
B retest,ENTERO,2026-08-25,4.26199503203033,5.9951010410287875,11.990202082057566,1.9999999999999984,target,2,1
C break,ENTERO,2026-08-25,4.26199503203033,12.2599451303155,-0.9887974394147236,-0.08065268065268068,time,14,1
A next open,TEJASNET,2024-04-23,10.811555849597543,12.10714285714286,5.08035714285715,0.41961651917404186,time,25,1
B retest,TEJASNET,2024-04-23,10.811555849597543,9.542844015621412,4.043188605559389,0.42368801155512803,time,25,1
C break,TEJASNET,2024-04-23,10.811555849597543,9.542844015621412,-3.239145416953826,-0.33943187289359655,time,25,1
A next open,TEJASNET,2026-02-27,4.514216412882366,7.973421926910292,15.946843853820592,2.0000000000000013,target,1,1
B retest,TEJASNET,2026-02-27,4.514216412882366,7.973421926910292,15.946843853820592,2.0000000000000013,target,1,1
C break,TEJASNET,2026-02-27,4.514216412882366,23.389964440932435,-23.38996444093243,-0.9999999999999999,stop,16,1
A next open,VMM,2026-08-24,5.578652228560377,4.302019315188767,-4.302019315188765,-0.9999999999999996,stop,3,1
B retest,VMM,2026-08-24,5.578652228560377,3.9647577092511015,-3.964757709251099,-0.9999999999999993,stop,2,1
C break,VMM,2026-08-24,5.578652228560377,,,,no fill,0,0
A next open,SKYGOLD,2023-10-09,14.777618364418931,11.896348645465263,23.79269729093052,1.9999999999999993,target,4,1
B retest,SKYGOLD,2023-10-09,14.777618364418931,9.552599758162037,19.105199516324078,2.0000000000000004,target,3,1
C break,SKYGOLD,2023-10-09,14.777618364418931,10.633213859020318,21.26642771804064,2.0000000000000004,target,1,1
A next open,SKYGOLD,2023-10-13,4.6908315565032055,12.943262411347515,25.886524822695044,2.000000000000001,target,3,1
B retest,SKYGOLD,2023-10-13,4.6908315565032055,,,,no fill,0,0
C break,SKYGOLD,2023-10-13,4.6908315565032055,23.75776397515528,33.07453416149067,1.3921568627450973,time,25,1
A next open,EMUDHRA,2026-09-15,8.288634753567447,15.040000000000001,-1.847999999999994,-0.12287234042553151,time,3,1
B retest,EMUDHRA,2026-09-15,8.288634753567447,,,,no fill,0,0
C break,EMUDHRA,2026-09-15,8.288634753567447,16.146861429135413,-3.126727200947488,-0.19364303178484074,time,0,1
A next open,AEROFLEX,2025-01-16,8.848654166442804,11.260353704947395,-11.26035370494739,-0.9999999999999996,stop,22,1
B retest,AEROFLEX,2025-01-16,8.848654166442804,11.260353704947395,-11.26035370494739,-0.9999999999999996,stop,21,1
C break,AEROFLEX,2025-01-16,8.848654166442804,18.2376964646673,-18.23769646466731,-1.0000000000000004,stop,19,1
A next open,GRAVITA,2025-04-11,4.5039389849659495,12.590715048025617,9.4930629669157,0.7539732994278456,time,25,1
B retest,GRAVITA,2025-04-11,4.5039389849659495,11.557151341720209,10.533988445548314,0.9114692828778338,time,25,1
C break,GRAVITA,2025-04-11,4.5039389849659495,14.840135170262544,1.6012477255003876,0.10789980732177247,time,25,1
A next open,IFCI,2026-01-12,4.244031830238737,12.066864008358001,10.325613790701716,0.8556998556998551,time,25,1
B retest,IFCI,2026-01-12,4.244031830238737,10.508594719121033,8.842814105972007,0.841483979763913,time,25,1
C break,IFCI,2026-01-12,4.244031830238737,13.45329905741217,2.776349614395879,0.20636942675159173,time,25,1
A next open,GODIGIT,2025-01-23,5.814562598218953,8.161983989954482,-8.16198398995448,-0.9999999999999998,stop,3,1
B retest,GODIGIT,2025-01-23,5.814562598218953,8.161983989954482,-8.16198398995448,-0.9999999999999998,stop,2,1
C break,GODIGIT,2025-01-23,5.814562598218953,,,,no fill,0,0
A next open,VIJAYA,2026-05-08,5.04097342935188,4.4296875000000036,-4.429687500000002,-0.9999999999999996,stop,10,1
B retest,VIJAYA,2026-05-08,5.04097342935188,4.347486120885146,-4.347486120885147,-1.0000000000000002,stop,9,1
C break,VIJAYA,2026-05-08,5.04097342935188,5.89276098161398,-5.892760981613976,-0.9999999999999992,stop,6,1
A next open,FCL,2024-02-09,5.501985252410679,4.9343832020997445,9.86876640419949,2.0000000000000004,target,4,1
B retest,FCL,2024-02-09,5.501985252410679,,,,no fill,0,0
C break,FCL,2024-02-09,5.501985252410679,4.9343832020997445,9.86876640419949,2.0000000000000004,target,1,1
A next open,FCL,2026-05-18,6.092767295597468,19.696969696969695,39.393939393939405,2.000000000000001,target,25,1
B retest,FCL,2026-05-18,6.092767295597468,,,,no fill,0,0
C break,FCL,2026-05-18,6.092767295597468,22.058823529411764,12.529411764705877,0.5679999999999997,time,25,1
A next open,FCL,2026-05-19,8.125819134993439,7.424242424242422,14.848484848484844,2.0,target,4,1
B retest,FCL,2026-05-19,8.125819134993439,7.424242424242422,14.848484848484844,2.0,target,3,1
C break,FCL,2026-05-19,8.125819134993439,11.449275362318838,22.898550724637666,1.9999999999999991,target,4,1
A next open,NAVINFLUOR,2025-10-31,11.01511011091465,4.764912280701761,-2.40350877192983,-0.5044182621502213,time,25,1
B retest,NAVINFLUOR,2025-10-31,11.01511011091465,,,,no fill,0,0
C break,NAVINFLUOR,2025-10-31,11.01511011091465,9.872156732525324,0.3320604349991596,0.03363605785401846,time,25,1
A next open,NAVINFLUOR,2026-08-06,4.474669820618971,8.051170705944486,2.112552080276986,0.2623906705539367,time,25,1
B retest,NAVINFLUOR,2026-08-06,4.474669820618971,8.051170705944486,0.2699372102576092,0.033527696793002326,time,25,1
C break,NAVINFLUOR,2026-08-06,4.474669820618971,,,,no fill,0,0
A next open,WOCKPHARMA,2024-07-01,9.233906204485876,12.19951923076923,1.8990384615384492,0.15566502463054088,time,25,1
B retest,WOCKPHARMA,2024-07-01,9.233906204485876,11.336327224177689,13.788081077800719,1.2162740899357618,time,25,1
C break,WOCKPHARMA,2024-07-01,9.233906204485876,18.833333333333332,6.288888888888899,0.33392330383480884,time,25,1
A next open,STYL,2026-03-09,4.843448333753053,9.255898366606173,-9.255898366606175,-1.0000000000000002,stop,8,1
B retest,STYL,2026-03-09,4.843448333753053,5.794593763217593,-5.794593763217593,-1.0,stop,7,1
C break,STYL,2026-03-09,4.843448333753053,,,,no fill,0,0
A next open,BALAMINES,2026-05-14,10.57727843890901,9.879518072289157,19.759036144578324,2.000000000000001,target,12,1
B retest,BALAMINES,2026-05-14,10.57727843890901,7.84772699273131,15.695453985462615,1.9999999999999993,target,4,1
C break,BALAMINES,2026-05-14,10.57727843890901,14.318442153493699,28.636884306987408,2.000000000000001,target,14,1
A next open,ABREL,2024-06-06,5.951799381208267,6.323299452697424,12.646598905394857,2.0000000000000013,target,7,1
B retest,ABREL,2024-06-06,5.951799381208267,6.323299452697424,12.646598905394857,2.0000000000000013,target,6,1
C break,ABREL,2024-06-06,5.951799381208267,12.064220183486238,0.5642201834862526,0.04676806083650307,time,25,1
A next open,CIPLA,2024-01-23,5.223171889838563,2.8601845280340634,-2.86018452803406,-0.9999999999999988,stop,2,1
B retest,CIPLA,2024-01-23,5.223171889838563,2.8601845280340634,-2.86018452803406,-0.9999999999999988,stop,1,1
C break,CIPLA,2024-01-23,5.223171889838563,,,,no fill,0,0
A next open,INOXWIND,2024-08-12,7.317913103369111,18.068750286841976,12.276836936068669,0.6794513589027187,time,25,1
B retest,INOXWIND,2024-08-12,7.317913103369111,14.399424598417646,15.81395348837209,1.098235098235098,time,25,1
C break,INOXWIND,2024-08-12,7.317913103369111,16.96744186046511,18.297674418604657,1.0783991228070182,time,25,1
A next open,GLAND,2026-05-18,13.579189637638489,5.307262569832402,10.61452513966481,2.000000000000001,target,5,1
B retest,GLAND,2026-05-18,13.579189637638489,5.307262569832402,10.61452513966481,2.000000000000001,target,4,1
C break,GLAND,2026-05-18,13.579189637638489,8.789237668161435,6.412556053811658,0.7295918367346936,time,25,1
A next open,GLAND,2026-08-11,6.680913283095258,3.9671682626538987,-3.9671682626538973,-0.9999999999999997,stop,8,1
B retest,GLAND,2026-08-11,6.680913283095258,3.9671682626538987,-3.9671682626538973,-0.9999999999999997,stop,7,1
C break,GLAND,2026-08-11,6.680913283095258,6.03667514388971,-6.036675143889713,-1.0000000000000007,stop,5,1
A next open,EMBDL,2026-05-07,19.999999999999996,6.000000000000007,-6.000000000000005,-0.9999999999999997,stop,1,1
B retest,EMBDL,2026-05-07,19.999999999999996,4.602630074328187,-4.602630074328184,-0.9999999999999994,stop,1,1
C break,EMBDL,2026-05-07,19.999999999999996,,,,no fill,0,0
A next open,PRAJIND,2023-09-11,5.892564374578058,8.080808080808081,-8.080808080808078,-0.9999999999999996,stop,2,1
B retest,PRAJIND,2023-09-11,5.892564374578058,7.715710301698636,-7.71571030169863,-0.9999999999999992,stop,1,1
C break,PRAJIND,2023-09-11,5.892564374578058,,,,no fill,0,0
A next open,AMBUJACEM,2023-12-04,4.072398190045257,4.578947368421052,9.157894736842099,1.999999999999999,target,2,1
B retest,AMBUJACEM,2023-12-04,4.072398190045257,4.4884627541881805,8.976925508376365,2.000000000000001,target,1,1
C break,AMBUJACEM,2023-12-04,4.072398190045257,10.01588246972404,5.6978360135000905,0.5688800792864214,time,25,1
A next open,SUPRIYA,2024-02-08,9.35992280476039,7.421597843053791,-7.421597843053796,-1.0000000000000007,stop,1,1
B retest,SUPRIYA,2024-02-08,9.35992280476039,7.15810445424791,-7.1581044542479155,-1.0000000000000007,stop,23,1
C break,SUPRIYA,2024-02-08,9.35992280476039,,,,no fill,0,0
A next open,SUPRIYA,2024-08-12,6.179150922427201,10.49713007101859,20.99426014203718,2.0,target,19,1
B retest,SUPRIYA,2024-08-12,6.179150922427201,10.226385636221698,20.452771272443403,2.000000000000001,target,18,1
C break,SUPRIYA,2024-08-12,6.179150922427201,14.791145688617213,16.273038807076045,1.100187852222918,time,25,1
A next open,SUPRIYA,2026-05-29,9.916382781046762,14.338383838383843,-12.606060606060598,-0.8791828108488896,time,25,1
B retest,SUPRIYA,2026-05-29,9.916382781046762,12.454836378651809,-12.454836378651812,-1.0000000000000002,stop,25,1
C break,SUPRIYA,2026-05-29,9.916382781046762,12.454836378651809,-12.454836378651812,-1.0000000000000002,stop,21,1
A next open,RBA,2026-08-04,11.503674392312035,13.387515520939155,7.845129247093352,0.5860033726812818,time,25,1
B retest,RBA,2026-08-04,11.503674392312035,,,,no fill,0,0
C break,RBA,2026-08-04,11.503674392312035,14.867413735715068,8.787307222900264,0.591044776119404,time,25,1
A next open,POWERINDIA,2024-10-10,4.276006850450265,6.272165301956104,-6.2721653019561,-0.9999999999999994,stop,8,1
B retest,POWERINDIA,2024-10-10,4.276006850450265,6.272165301956104,-6.2721653019561,-0.9999999999999994,stop,7,1
C break,POWERINDIA,2024-10-10,4.276006850450265,,,,no fill,0,0
A next open,POWERINDIA,2025-11-04,7.204643116245335,8.052203890667323,-8.05220389066732,-0.9999999999999996,stop,23,1
B retest,POWERINDIA,2025-11-04,7.204643116245335,8.052203890667323,-8.05220389066732,-0.9999999999999996,stop,22,1
C break,POWERINDIA,2025-11-04,7.204643116245335,10.968049594659037,-10.968049594659036,-0.9999999999999999,stop,20,1
A next open,POWERINDIA,2026-08-10,7.361963190184051,5.534087772564173,-5.5340877725641775,-1.0000000000000009,stop,7,1
B retest,POWERINDIA,2026-08-10,7.361963190184051,5.062413314840499,-5.062413314840497,-0.9999999999999997,stop,6,1
C break,POWERINDIA,2026-08-10,7.361963190184051,,,,no fill,0,0
A next open,MOREPENLAB,2026-02-23,9.609992352791231,8.789277081960009,-9.690177982860904,-1.1024999999999994,stop,5,1
B retest,MOREPENLAB,2026-02-23,9.609992352791231,8.32597173144877,-9.231448763250881,-1.1087533156498663,stop,4,1
C break,MOREPENLAB,2026-02-23,9.609992352791231,,,,no fill,0,0
A next open,MOREPENLAB,2026-08-05,5.8687481931193775,4.4377536326744345,8.875507265348869,2.0,target,1,1
B retest,MOREPENLAB,2026-08-05,5.8687481931193775,4.4377536326744345,-4.4377536326744345,-1.0,stop,4,1
C break,MOREPENLAB,2026-08-05,5.8687481931193775,9.541511771995047,-9.541511771995047,-1.0,stop,2,1
A next open,THANGAMAYL,2025-11-04,4.056078356059145,9.063139874458729,8.277667752005646,0.9133333333333341,time,25,1
B retest,THANGAMAYL,2025-11-04,4.056078356059145,9.063139874458729,7.80437044745057,0.8611111111111109,time,25,1
C break,THANGAMAYL,2025-11-04,4.056078356059145,20.32058823529412,-5.926470588235288,-0.291648574323346,time,25,1
A next open,PARADEEP,2024-02-08,4.290429042904287,8.619650391802297,-8.619650391802303,-1.0000000000000007,stop,3,1
B retest,PARADEEP,2024-02-08,4.290429042904287,7.729762629336589,-7.729762629336589,-1.0,stop,2,1
C break,PARADEEP,2024-02-08,4.290429042904287,,,,no fill,0,0
A next open,PARADEEP,2026-07-29,4.015516126715046,9.930379746835442,-1.1455696202531618,-0.11536010197578049,time,25,1
B retest,PARADEEP,2026-07-29,4.015516126715046,9.090328350581316,-1.9228312252459356,-0.2115249472944476,time,25,1
C break,PARADEEP,2026-07-29,4.015516126715046,,,,no fill,0,0
A next open,JAIBALAJI,2026-02-26,4.132473622508814,3.6652155596124136,-3.6652155596124114,-0.9999999999999994,stop,1,1
B retest,JAIBALAJI,2026-02-26,4.132473622508814,3.6652155596124136,-4.620137621120623,-1.2605363984674314,stop,1,1
C break,JAIBALAJI,2026-02-26,4.132473622508814,,,,no fill,0,0
A next open,OBEROIRLTY,2025-10-16,4.595978518796051,2.8080296697474565,5.6160593394949165,2.0000000000000013,target,10,1
B retest,OBEROIRLTY,2025-10-16,4.595978518796051,2.139766463161633,4.2795329263232595,1.9999999999999971,target,8,1
C break,OBEROIRLTY,2025-10-16,4.595978518796051,2.8823529411764706,5.7647058823529385,1.9999999999999991,target,8,1
A next open,CEIGALL,2025-12-29,4.501558231695579,4.184981346729229,0.9308166808259077,0.22241835834068585,time,25,1
B retest,CEIGALL,2025-12-29,4.501558231695579,3.70837818775753,4.5695831322617675,1.2322322322322286,time,25,1
C break,CEIGALL,2025-12-29,4.501558231695579,5.48369466205138,6.339952632537815,1.1561461794019947,time,25,1
A next open,JUBLINGREA,2025-05-02,5.533504552883484,7.136224016001148,0.9786413315236775,0.13713713713713666,time,25,1
B retest,JUBLINGREA,2025-05-02,5.533504552883484,5.619282706548576,2.657180194569464,0.4728682170542604,time,25,1
C break,JUBLINGREA,2025-05-02,5.533504552883484,7.142857142857142,-2.571428571428569,-0.35999999999999965,time,25,1
A next open,URBANCO,2026-08-03,5.363629337661346,8.196942143193903,16.393884286387816,2.0000000000000013,target,17,1
B retest,URBANCO,2026-08-03,5.363629337661346,6.7651686161844085,13.530337232368828,2.0000000000000018,target,14,1
C break,URBANCO,2026-08-03,5.363629337661346,,,,no fill,0,0
A next open,URBANCO,2026-08-21,4.43329438449378,5.031446540880504,10.062893081761004,1.9999999999999993,target,9,1
B retest,URBANCO,2026-08-21,4.43329438449378,4.791929382093313,9.583858764186637,2.000000000000002,target,2,1
C break,URBANCO,2026-08-21,4.43329438449378,10.603279853176247,0.11840625185011167,0.011166945840313995,time,16,1
A next open,GMRP&UI,2024-12-31,4.586518415566365,5.479999999999995,-5.479999999999996,-1.0000000000000002,stop,8,1
B retest,GMRP&UI,2024-12-31,4.586518415566365,2.250351617440224,7.553569951187211,3.3566176470588185,target,1,1
C break,GMRP&UI,2024-12-31,4.586518415566365,10.152091254752847,-10.152091254752849,-1.0000000000000002,stop,5,1
A next open,RAILTEL,2026-04-15,5.503199943737247,11.628523460280999,-5.42252069158492,-0.4663120567375874,time,25,1
B retest,RAILTEL,2026-04-15,5.503199943737247,10.898939803403334,-4.938674902741069,-0.45313351498637555,time,25,1
C break,RAILTEL,2026-04-15,5.503199943737247,,,,no fill,0,0
A next open,PPLPHARMA,2024-10-24,4.500206431487674,10.5748502994012,21.14970059880241,2.000000000000001,target,9,1
B retest,PPLPHARMA,2024-10-24,4.500206431487674,10.5748502994012,21.14970059880241,2.000000000000001,target,8,1
C break,PPLPHARMA,2024-10-24,4.500206431487674,13.809157368218541,5.482878030011551,0.3970465310671503,time,25,1
A next open,INNOVACAP,2026-05-04,5.046207034106787,6.442444339175743,8.325438180956901,1.2922794117647078,time,25,1
B retest,INNOVACAP,2026-05-04,5.046207034106787,6.442444339175743,7.78067266698248,1.207720588235296,time,25,1
C break,INNOVACAP,2026-05-04,5.046207034106787,10.633484162895927,6.611990950226243,0.6218085106382978,time,25,1
A next open,SYRMA,2025-05-12,5.54916919218309,7.339449541284404,-4.376146788990831,-0.5962500000000007,time,25,1
B retest,SYRMA,2025-05-12,5.54916919218309,6.774967694295743,-2.344471109470192,-0.34604904632152633,time,25,1
C break,SYRMA,2025-05-12,5.54916919218309,7.880335643925582,-7.8803356439255845,-1.0000000000000004,stop,20,1
A next open,IXIGO,2025-07-17,8.40411265087171,11.903537879141936,23.807075758283847,1.999999999999998,target,20,1
B retest,IXIGO,2025-07-17,8.40411265087171,11.759198576912276,23.518397153824555,2.0000000000000004,target,19,1
C break,IXIGO,2025-07-17,8.40411265087171,13.926940639269406,27.853881278538807,1.9999999999999998,target,18,1
A next open,LATENTVIEW,2023-10-17,4.838513101767217,2.615278733654503,-2.6152787336545025,-0.9999999999999998,stop,4,1
B retest,LATENTVIEW,2023-10-17,4.838513101767217,1.7247366593355689,-1.7247366593355684,-0.9999999999999998,stop,3,1
C break,LATENTVIEW,2023-10-17,4.838513101767217,2.637614678899083,-2.6376146788990806,-0.9999999999999991,stop,1,1
A next open,DATAPATTNS,2025-11-13,5.293317097629124,3.490471414242731,6.98094282848547,2.000000000000002,target,5,1
B retest,DATAPATTNS,2025-11-13,5.293317097629124,3.490471414242731,6.98094282848547,2.000000000000002,target,4,1
C break,DATAPATTNS,2025-11-13,5.293317097629124,6.05044751830757,-6.050447518307567,-0.9999999999999994,stop,10,1
A next open,JSLL,2023-10-30,6.1911658218682275,12.331233123312337,-15.39153915391539,-1.248175182481751,stop,6,1
B retest,JSLL,2023-10-30,6.1911658218682275,3.786631544287126,-7.145209087915704,-1.8869565217391298,stop,1,1
C break,JSLL,2023-10-30,6.1911658218682275,9.814814814814818,-12.962962962962965,-1.3207547169811318,stop,3,1
A next open,JSLL,2026-05-06,5.3045050055617216,5.677343134681019,-5.677343134681023,-1.0000000000000009,stop,5,1
B retest,JSLL,2026-05-06,5.3045050055617216,4.600371747211908,-4.600371747211907,-0.9999999999999997,stop,4,1
C break,JSLL,2026-05-06,5.3045050055617216,5.9489528795811575,-5.94895287958116,-1.0000000000000004,stop,2,1
A next open,BLUEJET,2024-12-17,4.011887072808329,6.023765996343701,13.162705667276043,2.1851289833080383,target,15,1
B retest,BLUEJET,2024-12-17,4.011887072808329,5.505514705882361,11.011029411764728,2.000000000000001,target,11,1
C break,BLUEJET,2024-12-17,4.011887072808329,12.917160765712351,-3.3457563950533675,-0.2590163934426233,time,25,1
A next open,BLUEJET,2026-07-10,5.831157528285469,1.487603305785124,2.975206611570247,1.9999999999999993,target,2,1
B retest,BLUEJET,2026-07-10,5.831157528285469,1.487603305785124,2.975206611570247,1.9999999999999993,target,1,1
C break,BLUEJET,2026-07-10,5.831157528285469,,,,no fill,0,0
A next open,AVALON,2024-11-07,12.769204680345926,8.5,16.999999999999993,1.9999999999999991,target,1,1
B retest,AVALON,2024-11-07,12.769204680345926,8.5,16.999999999999993,1.9999999999999991,target,2,1
C break,AVALON,2024-11-07,12.769204680345926,17.461340206185564,28.292525773195877,1.6202952029520297,time,25,1
A next open,ATHERENERG,2026-02-03,7.822932981617359,7.8061712939097125,3.3949480815965716,0.43490566037735706,time,25,1
B retest,ATHERENERG,2026-02-03,7.822932981617359,7.390146471371494,5.126498002663116,0.6936936936936946,time,25,1
C break,ATHERENERG,2026-02-03,7.822932981617359,11.924862811312789,0.3517658646404964,0.029498525073746413,time,25,1
A next open,ATHERENERG,2026-08-04,5.382258191246958,8.771331058020477,17.542662116040965,2.0000000000000013,target,20,1
B retest,ATHERENERG,2026-08-04,5.382258191246958,7.853006067291787,15.706012134583581,2.000000000000001,target,18,1
C break,ATHERENERG,2026-08-04,5.382258191246958,10.9,10.40000000000001,0.9541284403669733,time,25,1
A next open,AARTIPHARM,2023-12-04,5.287896592244423,6.9787416791926145,13.957483358385247,2.0000000000000027,target,16,1
B retest,AARTIPHARM,2023-12-04,5.287896592244423,6.9787416791926145,13.957483358385247,2.0000000000000027,target,15,1
C break,AARTIPHARM,2023-12-04,5.287896592244423,10.661992163332643,10.167044751495169,0.9535783365570617,time,25,1
A next open,AARTIPHARM,2026-08-10,11.248815338630891,10.118977500294497,-7.003180586641533,-0.6920838183934807,time,25,1
B retest,AARTIPHARM,2026-08-10,11.248815338630891,7.290400972053463,-0.31591737545565435,-0.043333333333333925,time,19,1
C break,AARTIPHARM,2026-08-10,11.248815338630891,14.739076991842662,-8.32495250866019,-0.5648218347232755,time,25,1
A next open,OLAELEC,2024-11-27,5.829474257695444,16.97738554881412,-6.552675124103713,-0.3859649122807028,time,25,1
B retest,OLAELEC,2024-11-27,5.829474257695444,14.574347332576606,-11.520998864926213,-0.7904984423676014,time,25,1
C break,OLAELEC,2024-11-27,5.829474257695444,14.574347332576606,-10.147559591373433,-0.6962616822429908,time,25,1
A next open,NSLNISP,2024-01-29,5.621805792163537,13.07189542483659,-13.071895424836589,-0.9999999999999999,stop,10,1
B retest,NSLNISP,2024-01-29,5.621805792163537,10.937500000000002,-10.9375,-0.9999999999999999,stop,9,1
C break,NSLNISP,2024-01-29,5.621805792163537,14.499999999999998,-14.500000000000002,-1.0000000000000002,stop,7,1
A next open,NSLNISP,2025-08-13,11.687587168758707,11.073446327683612,-11.073446327683612,-1.0,stop,3,1
B retest,NSLNISP,2025-08-13,11.687587168758707,8.530915853091589,-8.530915853091592,-1.0000000000000004,stop,2,1
C break,NSLNISP,2025-08-13,11.687587168758707,,,,no fill,0,0
A next open,NETWEB,2024-05-06,4.998245756079123,3.637295081967213,-3.637295081967218,-1.0000000000000013,stop,5,1
B retest,NETWEB,2024-05-06,4.998245756079123,2.647309991460295,5.294619982920601,2.000000000000004,target,3,1
C break,NETWEB,2024-05-06,4.998245756079123,3.302917362806837,-3.3029173628068342,-0.9999999999999992,stop,2,1
A next open,CELLECOR,2024-09-04,9.933774834437092,15.367483296213805,32.73942093541204,2.130434782608697,target,10,1
B retest,CELLECOR,2024-09-04,9.933774834437092,8.433734939759036,19.518072289156628,2.3142857142857145,target,2,1
C break,CELLECOR,2024-09-04,9.933774834437092,23.38709677419355,37.90322580645162,1.620689655172414,time,25,1
A next open,CELLECOR,2024-09-05,8.192771084337336,15.326902465166128,36.01286173633442,2.349650349650351,target,10,1
B retest,CELLECOR,2024-09-05,8.192771084337336,12.222222222222221,28.000000000000004,2.2909090909090915,target,4,1
C break,CELLECOR,2024-09-05,8.192771084337336,24.11143131604226,24.87992315081653,1.03187250996016,time,25,1
A next open,KRN,2026-08-17,4.998978410406596,3.208802793700998,-3.2088027937009933,-0.9999999999999984,stop,2,1
B retest,KRN,2026-08-17,4.998978410406596,3.208802793700998,-3.2088027937009933,-0.9999999999999984,stop,1,1
C break,KRN,2026-08-17,4.998978410406596,,,,no fill,0,0
A next open,QPOWER,2026-08-12,4.994755103687565,0.7673228956750962,-0.7673228956750933,-0.9999999999999962,stop,1,1
B retest,QPOWER,2026-08-12,4.994755103687565,,,,no fill,0,0
C break,QPOWER,2026-08-12,4.994755103687565,,,,no fill,0,0
A next open,UNIMECH,2025-05-28,7.227455003264005,7.122331691297208,14.244663382594425,2.0000000000000013,target,8,1
B retest,UNIMECH,2025-05-28,7.227455003264005,,,,no fill,0,0
C break,UNIMECH,2025-05-28,7.227455003264005,13.047655649500383,0.16141429669485063,0.012371134020618598,time,25,1
A next open,HYUNDAI,2026-07-31,4.00356753542761,5.519641969169563,-0.3209619818272169,-0.05814905814905709,time,25,1
B retest,HYUNDAI,2026-07-31,4.00356753542761,,,,no fill,0,0
C break,HYUNDAI,2026-07-31,4.00356753542761,5.5580659737912335,-1.3827383642114777,-0.24878048780487808,time,25,1
A next open,SCI,2026-02-09,12.263300270513966,7.4521072796934815,-7.452107279693488,-1.0000000000000009,stop,17,1
B retest,SCI,2026-02-09,12.263300270513966,7.4521072796934815,-7.452107279693488,-1.0000000000000009,stop,16,1
C break,SCI,2026-02-09,12.263300270513966,9.545386458957463,-9.545386458957461,-0.9999999999999998,stop,14,1
A next open,ABB,2024-02-22,4.319216803418469,6.243542435424348,12.730627306273057,2.039007092198583,target,23,1
B retest,ABB,2024-02-22,4.319216803418469,6.243542435424348,12.730627306273057,2.039007092198583,target,22,1
C break,ABB,2024-02-22,4.319216803418469,6.75963302752293,13.519266055045854,1.9999999999999991,target,20,1
A next open,ABB,2024-05-13,5.177373630430382,7.902924704418171,-7.902924704418169,-0.9999999999999997,stop,16,1
B retest,ABB,2024-05-13,5.177373630430382,7.317531389923913,-7.317531389923914,-1.0000000000000002,stop,15,1
C break,ABB,2024-05-13,5.177373630430382,9.634324302871551,-9.634324302871555,-1.0000000000000004,stop,13,1
A next open,MMTC,2025-05-30,4.154851436321061,5.213270142180101,-5.213270142180104,-1.0000000000000004,stop,1,1
B retest,MMTC,2025-05-30,4.154851436321061,,,,no fill,0,0
C break,MMTC,2025-05-30,4.154851436321061,,,,no fill,0,0
A next open,GOODLUCK,2023-10-05,8.903781713738624,8.816326530612242,17.63265306122448,1.9999999999999996,target,17,1
B retest,GOODLUCK,2023-10-05,8.903781713738624,8.816326530612242,17.63265306122448,1.9999999999999996,target,16,1
C break,GOODLUCK,2023-10-05,8.903781713738624,10.639999999999999,21.279999999999987,1.999999999999999,target,20,1
A next open,GAIL,2024-06-03,6.216348507097402,8.374918637448463,-8.37491863744846,-0.9999999999999996,stop,1,1
B retest,GAIL,2024-06-03,6.216348507097402,,,,no fill,0,0
C break,GAIL,2024-06-03,6.216348507097402,,,,no fill,0,0
A next open,SHADOWFAX,2026-05-15,10.915171784737021,7.176727582716181,14.353455165432361,2.0,target,16,1
B retest,SHADOWFAX,2026-05-15,10.915171784737021,7.176727582716181,14.353455165432361,2.0,target,15,1
C break,SHADOWFAX,2026-05-15,10.915171784737021,10.380658436213995,13.842592592592595,1.3334985133795836,time,25,1
A next open,TI,2023-11-03,8.787099789670494,8.04857966241252,16.09715932482503,1.9999999999999987,target,8,1
B retest,TI,2023-11-03,8.787099789670494,8.04857966241252,16.09715932482503,1.9999999999999987,target,7,1
C break,TI,2023-11-03,8.787099789670494,11.928233438485805,-0.4731861198738141,-0.03966942148760306,time,25,1
A next open,TI,2024-11-05,7.466529351184348,9.67741935483871,19.354838709677423,2.0000000000000004,target,14,1
B retest,TI,2024-11-05,7.466529351184348,9.278350515463918,18.556701030927837,2.0,target,13,1
C break,TI,2024-11-05,7.466529351184348,13.239436619718308,13.295774647887315,1.0042553191489356,time,25,1
A next open,TI,2025-05-15,10.58804096465147,4.719166184134324,9.438332368268654,2.0000000000000013,target,12,1
B retest,TI,2025-05-15,10.58804096465147,4.719166184134324,9.438332368268654,2.0000000000000013,target,11,1
C break,TI,2025-05-15,10.58804096465147,7.007629273806147,-0.8618253743995385,-0.12298387096774083,time,25,1
A next open,SAATVIKGL,2026-04-10,4.411939588536096,5.73006932409013,-5.730069324090126,-0.9999999999999992,stop,24,1
B retest,SAATVIKGL,2026-04-10,4.411939588536096,5.73006932409013,-5.730069324090126,-0.9999999999999992,stop,23,1
C break,SAATVIKGL,2026-04-10,4.411939588536096,7.4345883854499135,-7.4345883854499135,-1.0,stop,21,1
A next open,CHOLAHLDNG,2026-04-08,4.897608477731641,10.493865219803936,2.225784573648193,0.21210340775558187,time,25,1
B retest,CHOLAHLDNG,2026-04-08,4.897608477731641,10.493865219803936,1.4365867192798643,0.1368977673325506,time,25,1
C break,CHOLAHLDNG,2026-04-08,4.897608477731641,,,,no fill,0,0
A next open,SANDUMA,2025-02-17,9.98697351280937,13.554006968641117,-13.554006968641119,-1.0000000000000002,stop,9,1
B retest,SANDUMA,2025-02-17,9.98697351280937,10.238784370477564,-10.23878437047756,-0.9999999999999997,stop,4,1
C break,SANDUMA,2025-02-17,9.98697351280937,13.433356594556884,-13.433356594556878,-0.9999999999999996,stop,6,1
A next open,SHAILY,2025-10-07,4.4474268789337135,8.248564397046756,-8.248564397046753,-0.9999999999999996,stop,16,1
B retest,SHAILY,2025-10-07,4.4474268789337135,7.093907048220283,-7.093907048220283,-1.0,stop,15,1
C break,SHAILY,2025-10-07,4.4474268789337135,8.697959183673467,-8.697959183673465,-0.9999999999999998,stop,13,1
A next open,THERMAX,2026-05-08,4.4879611696913235,8.51922668366263,0.7223284469938474,0.08478802992518801,time,25,1
B retest,THERMAX,2026-05-08,4.4879611696913235,7.942276857295563,0.7931587386424521,0.09986541049798305,time,25,1
C break,THERMAX,2026-05-08,4.4879611696913235,,,,no fill,0,0
A next open,TRITURBINE,2024-02-06,5.932203389830515,13.962703962703957,9.125874125874113,0.6535893155258757,time,25,1
B retest,TRITURBINE,2024-02-06,5.932203389830515,13.112052730696796,8.545197740112997,0.6517055655296233,time,25,1
C break,TRITURBINE,2024-02-06,5.932203389830515,20.632190087087405,1.5482206214385563,0.07503908285565407,time,25,1
A next open,TRITURBINE,2026-02-03,8.867775138558986,2.4814814814814774,-2.4814814814814734,-0.9999999999999983,stop,1,1
B retest,TRITURBINE,2026-02-03,8.867775138558986,,,,no fill,0,0
C break,TRITURBINE,2026-02-03,8.867775138558986,,,,no fill,0,0
A next open,BLS,2024-08-06,8.15947413546727,8.396946564885496,16.793893129771,2.000000000000001,target,21,1
B retest,BLS,2024-08-06,8.15947413546727,6.51778758763958,13.035575175279156,1.9999999999999996,target,12,1
C break,BLS,2024-08-06,8.15947413546727,11.012235817575085,5.265109380793476,0.47811447811447816,time,25,1
A next open,GLAXO,2025-02-17,9.016352824578778,10.606028148497254,21.21205629699452,2.000000000000001,target,20,1
B retest,GLAXO,2025-02-17,9.016352824578778,10.606028148497254,21.21205629699452,2.000000000000001,target,19,1
C break,GLAXO,2025-02-17,9.016352824578778,16.573370651739307,11.849260295881647,0.7149577804583835,time,25,1
A next open,FEDERALBNK,2024-10-29,4.843505054327246,3.4938005120224926,6.987601024044987,2.0000000000000004,target,17,1
B retest,FEDERALBNK,2024-10-29,4.843505054327246,3.4938005120224926,6.987601024044987,2.0000000000000004,target,16,1
C break,FEDERALBNK,2024-10-29,4.843505054327246,5.87515299877601,4.940024479804173,0.8408333333333351,time,25,1
A next open,BDL,2025-11-14,5.474668950523753,2.277637182889937,-2.2776371828899356,-0.9999999999999994,stop,1,1
B retest,BDL,2025-11-14,5.474668950523753,1.8961457429669049,-2.0944354938654097,-1.1045751633986955,stop,1,1
C break,BDL,2025-11-14,5.474668950523753,,,,no fill,0,0
A next open,CASTROLIND,2025-03-06,4.349390545585385,6.804081632653055,-6.804081632653059,-1.0000000000000004,stop,2,1
B retest,CASTROLIND,2025-03-06,4.349390545585385,6.804081632653055,-6.804081632653059,-1.0000000000000004,stop,1,1
C break,CASTROLIND,2025-03-06,4.349390545585385,,,,no fill,0,0
A next open,CGCL,2024-01-16,15.592720118052128,13.70919881305638,-5.242334322453013,-0.3823953823953821,time,25,1
B retest,CGCL,2024-01-16,15.592720118052128,8.935281837160753,0.5219206680584509,0.05841121495327055,time,25,1
C break,CGCL,2024-01-16,15.592720118052128,10.59643369542939,2.398032383685189,0.22630560928433344,time,25,1
A next open,CGCL,2025-06-09,4.571165482767703,10.406779661016943,-0.022598870056489417,-0.0021715526601512646,time,25,1
B retest,CGCL,2025-06-09,4.571165482767703,10.406779661016943,-0.062146892655379204,-0.005971769815419178,time,25,1
C break,CGCL,2025-06-09,4.571165482767703,13.078272308704223,0.14251260688444845,0.010896898575020448,time,25,1
A next open,FACT,2026-03-11,5.349276274386416,5.225879411939763,-5.22587941193976,-0.9999999999999993,stop,3,1
B retest,FACT,2026-03-11,5.349276274386416,5.225879411939763,-5.22587941193976,-0.9999999999999993,stop,2,1
C break,FACT,2026-03-11,5.349276274386416,,,,no fill,0,0
A next open,EBGNG,2026-02-06,7.210138722383963,12.51415628539071,4.062853907134767,0.3246606334841629,time,25,1
B retest,EBGNG,2026-02-06,7.210138722383963,3.768296480847095,8.502024291497957,2.256198347107429,target,5,1
C break,EBGNG,2026-02-06,7.210138722383963,8.035714285714286,16.07142857142858,2.000000000000001,target,20,1
A next open,ORCHPHARMA,2024-01-30,5.000694540908457,17.387978142076506,34.77595628415302,2.0000000000000004,target,18,1
B retest,ORCHPHARMA,2024-01-30,5.000694540908457,12.496382473809115,24.99276494761822,1.9999999999999991,target,8,1
C break,ORCHPHARMA,2024-01-30,5.000694540908457,12.496382473809115,24.99276494761822,1.9999999999999991,target,2,1
A next open,WELCORP,2026-08-21,8.467983243566724,6.855895196506551,13.71179039301309,1.9999999999999982,target,9,1
B retest,WELCORP,2026-08-21,8.467983243566724,6.855895196506551,13.71179039301309,1.9999999999999982,target,8,1
C break,WELCORP,2026-08-21,8.467983243566724,9.191536463876712,18.38307292775343,2.000000000000001,target,11,1
A next open,WELSPUNLIV,2026-02-03,19.983666802776632,1.215193389347962,-1.2151933893479572,-0.999999999999996,stop,1,1
B retest,WELSPUNLIV,2026-02-03,19.983666802776632,1.215193389347962,-1.2151933893479572,-0.999999999999996,stop,1,1
C break,WELSPUNLIV,2026-02-03,19.983666802776632,,,,no fill,0,0
A next open,MARICO,2024-05-07,5.977748444276831,4.095972579263064,8.191945158526126,1.9999999999999996,target,21,1
B retest,MARICO,2024-05-07,5.977748444276831,4.095972579263064,8.191945158526126,1.9999999999999996,target,20,1
C break,MARICO,2024-05-07,5.977748444276831,4.505119453924911,9.010238907849821,2.0,target,18,1
A next open,EMMVEE,2026-07-16,5.476613380698647,5.029989094874588,-5.029989094874587,-0.9999999999999998,stop,1,1
B retest,EMMVEE,2026-07-16,5.476613380698647,,,,no fill,0,0
C break,EMMVEE,2026-07-16,5.476613380698647,,,,no fill,0,0
A next open,ENRIN,2026-08-07,6.082036775106081,7.168788946085069,-7.168788946085069,-1.0,stop,10,1
B retest,ENRIN,2026-08-07,6.082036775106081,6.0951545713659305,-6.095154571365935,-1.0000000000000007,stop,9,1
C break,ENRIN,2026-08-07,6.082036775106081,,,,no fill,0,0
A next open,GVT&D,2026-09-08,6.157263235024746,3.4352744030163382,-3.435274403016342,-1.000000000000001,stop,2,1
B retest,GVT&D,2026-09-08,6.157263235024746,2.9473684210526314,-2.947368421052632,-1.0000000000000002,stop,1,1
C break,GVT&D,2026-09-08,6.157263235024746,,,,no fill,0,0
A next open,PIRAMALFIN,2026-04-28,4.172318376648043,6.9306930693069315,-6.930693069306926,-0.9999999999999992,stop,4,1
B retest,PIRAMALFIN,2026-04-28,4.172318376648043,6.411788132218238,-6.411788132218232,-0.9999999999999992,stop,3,1
C break,PIRAMALFIN,2026-04-28,4.172318376648043,,,,no fill,0,0
A next open,ASTRAZEN,2025-06-02,5.481685900652278,9.79813164393858,-1.744872758509608,-0.17808219178082169,time,25,1
B retest,ASTRAZEN,2025-06-02,5.481685900652278,9.79813164393858,-1.997208203586387,-0.2038356164383564,time,25,1
C break,ASTRAZEN,2025-06-02,5.481685900652278,11.52711953659821,-4.049499736703533,-0.3513019643672914,time,25,1
A next open,AIIL,2024-08-08,9.406858202038926,16.814814814814817,33.62962962962963,2.0,target,11,1
B retest,AIIL,2024-08-08,9.406858202038926,,,,no fill,0,0
C break,AIIL,2024-08-08,9.406858202038926,23.344709897610922,13.788395904436857,0.5906432748538011,time,25,1
A next open,AIIL,2024-08-09,9.48905109489051,6.428571428571428,-6.428571428571428,-1.0,stop,1,1
B retest,AIIL,2024-08-09,9.48905109489051,6.428571428571428,12.857142857142856,2.0,target,6,1
C break,AIIL,2024-08-09,9.48905109489051,,,,no fill,0,0
A next open,AIIL,2026-01-13,4.905599483621104,1.8604651162790697,3.7209302325581506,2.0000000000000058,target,1,1
B retest,AIIL,2026-01-13,4.905599483621104,1.8604651162790697,-1.8604651162790753,-1.0000000000000029,stop,1,1
C break,AIIL,2026-01-13,4.905599483621104,,,,no fill,0,0
A next open,RAMRAT,2024-05-02,6.689734717416385,8.132530120481922,-8.132530120481917,-0.9999999999999993,stop,3,1
B retest,RAMRAT,2024-05-02,6.689734717416385,7.247845919918911,-7.247845919918916,-1.0000000000000007,stop,2,1
C break,RAMRAT,2024-05-02,6.689734717416385,,,,no fill,0,0
A next open,POWERMECH,2025-03-24,5.939818441546474,11.747248427672954,5.141509433962277,0.4376777647649334,time,25,1
B retest,POWERMECH,2025-03-24,5.939818441546474,11.135958836334847,2.3471205224619096,0.21076950417629345,time,25,1
C break,POWERMECH,2025-03-24,5.939818441546474,11.88233447152557,0.8673809804152333,0.07299752270850446,time,25,1
A next open,BANCOINDIA,2024-11-14,12.68592677345537,11.042240587695137,22.08448117539028,2.0000000000000004,target,2,1
B retest,BANCOINDIA,2024-11-14,12.68592677345537,,,,no fill,0,0
C break,BANCOINDIA,2024-11-14,12.68592677345537,25.236349604476167,1.8811499131776932,0.07454128440366961,time,25,1
A next open,VOLTAS,2024-08-12,4.9795289918465935,7.544785314839965,15.089570629679926,1.9999999999999996,target,15,1
B retest,VOLTAS,2024-08-12,4.9795289918465935,7.544785314839965,15.089570629679926,1.9999999999999996,target,14,1
C break,VOLTAS,2024-08-12,4.9795289918465935,8.43867334167709,16.87734668335419,2.0000000000000013,target,19,1
A next open,EIHOTEL,2024-02-07,11.408074272049529,9.858823529411758,-9.858823529411765,-1.0000000000000007,stop,4,1
B retest,EIHOTEL,2024-02-07,11.408074272049529,9.858823529411758,-9.858823529411765,-1.0000000000000007,stop,3,1
C break,EIHOTEL,2024-02-07,11.408074272049529,,,,no fill,0,0
A next open,SPARC,2026-05-19,7.255131603279308,9.280885064535948,18.561770129071895,2.0,target,3,1
B retest,SPARC,2026-05-19,7.255131603279308,9.280885064535948,18.561770129071895,2.0,target,2,1
C break,SPARC,2026-05-19,7.255131603279308,14.299287410926354,28.598574821852708,2.0,target,2,1
A next open,BLUEDART,2025-10-29,6.5462753950338515,12.094574113367687,-12.094574113367685,-0.9999999999999999,stop,16,1
B retest,BLUEDART,2025-10-29,6.5462753950338515,11.746804625684723,-11.746804625684726,-1.0000000000000002,stop,15,1
C break,BLUEDART,2025-10-29,6.5462753950338515,,,,no fill,0,0
A next open,HNDFDS,2025-05-20,4.837952090183184,5.39466713755959,-5.394667137559594,-1.0000000000000009,stop,7,1
B retest,HNDFDS,2025-05-20,4.837952090183184,4.449794899233109,-4.4497948992331064,-0.9999999999999994,stop,6,1
C break,HNDFDS,2025-05-20,4.837952090183184,5.428067078552515,-5.4280670785525125,-0.9999999999999996,stop,4,1
A next open,E2E,2024-06-04,4.014598540145986,12.582781456953644,27.682119205298015,2.1999999999999997,target,6,1
B retest,E2E,2024-06-04,4.014598540145986,,,,no fill,0,0
C break,E2E,2024-06-04,4.014598540145986,20.72072072072072,-4.504504504504503,-0.21739130434782603,time,25,1
A next open,E2E,2025-09-03,6.117353308364537,11.36120042872454,22.722400857449077,1.9999999999999998,target,15,1
B retest,E2E,2025-09-03,6.117353308364537,6.129398410896714,12.258796821793428,2.0,target,2,1
C break,E2E,2025-09-03,6.117353308364537,15.726902173913038,32.30298913043479,2.0539956803455737,target,20,1
A next open,E2E,2025-09-04,5.90238365493756,6.442477876106191,12.88495575221238,1.9999999999999996,target,4,1
B retest,E2E,2025-09-04,5.90238365493756,6.442477876106191,12.88495575221238,1.9999999999999996,target,3,1
C break,E2E,2025-09-04,5.90238365493756,11.605351170568557,23.210702341137115,2.0,target,18,1
A next open,TRIVENI,2024-08-30,6.581644272375309,3.680402642340361,-5.630701478452349,-1.5299145299145305,stop,3,1
B retest,TRIVENI,2024-08-30,6.581644272375309,3.680402642340361,-5.630701478452349,-1.5299145299145305,stop,2,1
C break,TRIVENI,2024-08-30,6.581644272375309,,,,no fill,0,0
A next open,BEML,2024-05-13,4.342679127725857,11.534276387377584,23.06855277475517,2.0,target,7,1
B retest,BEML,2024-05-13,4.342679127725857,11.534276387377584,23.06855277475517,2.0,target,6,1
C break,BEML,2024-05-13,4.342679127725857,14.533508541392903,14.806833114323247,1.0188065099457497,time,25,1
A next open,GODFRYPHLP,2025-02-14,10.024009603841533,9.948717948717949,19.89743589743589,1.9999999999999993,target,1,1
B retest,GODFRYPHLP,2025-02-14,10.024009603841533,9.948717948717949,19.89743589743589,1.9999999999999993,target,1,1
C break,GODFRYPHLP,2025-02-14,10.024009603841533,22.982456140350877,-22.982456140350884,-1.0000000000000002,stop,6,1
A next open,HINDZINC,2023-12-04,6.246876561719139,2.477021342888297,-2.477021342888297,-1.0,stop,10,1
B retest,HINDZINC,2023-12-04,6.246876561719139,1.5413652091852712,-1.5413652091852748,-1.0000000000000022,stop,1,1
C break,HINDZINC,2023-12-04,6.246876561719139,4.281345565749235,-4.281345565749239,-1.000000000000001,stop,7,1
A next open,SONATSOFTW,2026-04-16,4.101816462429575,6.250899668921839,-6.250899668921839,-1.0,stop,6,1
B retest,SONATSOFTW,2026-04-16,4.101816462429575,6.250899668921839,-6.250899668921839,-1.0,stop,5,1
C break,SONATSOFTW,2026-04-16,4.101816462429575,,,,no fill,0,0
A next open,GARFIBRES,2024-11-18,7.0850202429149745,9.734276224150854,-8.689596057002024,-0.8926802421574019,time,25,1
B retest,GARFIBRES,2024-11-18,7.0850202429149745,9.734276224150854,-4.339440694310515,-0.44578976334617576,time,25,1
C break,GARFIBRES,2024-11-18,7.0850202429149745,11.877615062761501,-0.4707112970711247,-0.03963011889035627,time,25,1
A next open,GARFIBRES,2026-02-03,12.448851117406367,7.290686735653809,-7.290686735653806,-0.9999999999999997,stop,3,1
B retest,GARFIBRES,2026-02-03,12.448851117406367,7.290686735653809,-7.290686735653806,-0.9999999999999997,stop,2,1
C break,GARFIBRES,2026-02-03,12.448851117406367,,,,no fill,0,0
A next open,GARFIBRES,2026-05-06,6.493714468732481,4.878412651051758,-4.878412651051756,-0.9999999999999994,stop,2,1
B retest,GARFIBRES,2026-05-06,6.493714468732481,4.364781760911957,-4.364781760911962,-1.000000000000001,stop,1,1
C break,GARFIBRES,2026-05-06,6.493714468732481,,,,no fill,0,0
A next open,CAMPUS,2024-05-29,5.433479824210941,14.68590831918506,1.4940577249575426,0.10173410404624192,time,25,1
B retest,CAMPUS,2024-05-29,5.433479824210941,14.68590831918506,-0.1697792869269965,-0.011560693641618606,time,25,1
C break,CAMPUS,2024-05-29,5.433479824210941,,,,no fill,0,0
A next open,UNIVCABLES,2026-05-25,8.69028210068672,8.139634617034059,16.279269234068106,1.9999999999999987,target,19,1
B retest,UNIVCABLES,2026-05-25,8.69028210068672,8.139634617034059,16.279269234068106,1.9999999999999987,target,18,1
C break,UNIVCABLES,2026-05-25,8.69028210068672,10.742561880156687,-4.892074339528296,-0.4553917765709851,time,25,1
A next open,UNIVCABLES,2026-08-10,15.887188208616788,12.437317784256557,-12.437317784256551,-0.9999999999999996,stop,20,1
B retest,UNIVCABLES,2026-08-10,15.887188208616788,11.320420455887566,-11.32042045588757,-1.0000000000000002,stop,19,1
C break,UNIVCABLES,2026-08-10,15.887188208616788,11.680291713227072,-11.680291713227076,-1.0000000000000002,stop,17,1
A next open,SJS,2024-08-02,5.5780397677283045,4.16866315285098,8.337326305701964,2.000000000000001,target,4,1
B retest,SJS,2024-08-02,5.5780397677283045,4.16866315285098,8.337326305701964,2.000000000000001,target,3,1
C break,SJS,2024-08-02,5.5780397677283045,11.76470588235294,-3.5392156862745106,-0.3008333333333334,time,25,1
A next open,SJS,2024-10-14,6.355443780781744,3.652989898022681,7.30597979604537,2.000000000000002,target,5,1
B retest,SJS,2024-10-14,6.355443780781744,3.652989898022681,7.30597979604537,2.000000000000002,target,4,1
C break,SJS,2024-10-14,6.355443780781744,8.875203767433435,-8.875203767433437,-1.0000000000000002,stop,6,1
A next open,ELGIEQUIP,2026-02-03,13.007380073800734,1.8576497599666109,3.715299519933213,1.9999999999999951,target,4,1
B retest,ELGIEQUIP,2026-02-03,13.007380073800734,1.8576497599666109,3.715299519933213,1.9999999999999951,target,3,1
C break,ELGIEQUIP,2026-02-03,13.007380073800734,5.335212401852225,-5.33521240185223,-1.0000000000000009,stop,5,1
A next open,SIS,2026-05-04,4.065269376846259,8.3645443196005,5.1685393258426915,0.6179104477611934,time,25,1
B retest,SIS,2026-05-04,4.065269376846259,8.3645443196005,3.732833957553061,0.4462686567164182,time,25,1
C break,SIS,2026-05-04,4.065269376846259,,,,no fill,0,0
A next open,TECHNOE,2025-05-28,12.01727032861597,6.829268292682928,13.658536585365844,1.9999999999999984,target,23,1
B retest,TECHNOE,2025-05-28,12.01727032861597,6.829268292682928,13.658536585365844,1.9999999999999984,target,22,1
C break,TECHNOE,2025-05-28,12.01727032861597,8.674863387978142,7.82103825136613,0.9015748031496075,time,25,1
A next open,HBLENGINE,2025-08-11,10.036678892964336,6.767676767676764,13.535353535353533,2.000000000000001,target,3,1
B retest,HBLENGINE,2025-08-11,10.036678892964336,5.534030265370279,11.068060530740564,2.000000000000001,target,1,1
C break,HBLENGINE,2025-08-11,10.036678892964336,14.013840830449823,8.929997338301842,0.6372269705603044,time,25,1
A next open,HBLENGINE,2025-11-10,8.251633986928098,5.338208409506407,-5.338208409506406,-0.9999999999999999,stop,1,1
B retest,HBLENGINE,2025-11-10,8.251633986928098,,,,no fill,0,0
C break,HBLENGINE,2025-11-10,8.251633986928098,,,,no fill,0,0
A next open,SMLMAH,2025-12-03,4.61908866629015,3.532113946388054,-3.532113946388049,-0.9999999999999987,stop,2,1
B retest,SMLMAH,2025-12-03,4.61908866629015,2.5053078556263273,-2.5053078556263264,-0.9999999999999997,stop,1,1
C break,SMLMAH,2025-12-03,4.61908866629015,,,,no fill,0,0
A next open,SMLMAH,2026-07-30,10.03066141042488,9.54054054054054,3.171171171171161,0.33238904627006505,time,25,1
B retest,SMLMAH,2026-07-30,10.03066141042488,8.37166009636443,14.95291283399036,1.786134728580772,time,25,1
C break,SMLMAH,2026-07-30,10.03066141042488,8.37166009636443,16.74332019272886,2.0,target,24,1
A next open,CUMMINSIND,2024-02-08,9.970002499791697,6.706156124391789,4.7771986845394965,0.7123601950100381,time,25,1
B retest,CUMMINSIND,2024-02-08,9.970002499791697,6.179286335944299,4.734551784160135,0.7661971830985909,time,25,1
C break,CUMMINSIND,2024-02-08,9.970002499791697,8.430232558139542,12.092268196919353,1.4343931930138807,time,25,1
A next open,KALYANKJIL,2024-08-22,5.060152447423993,5.51239669421488,11.024793388429766,2.000000000000001,target,15,1
B retest,KALYANKJIL,2024-08-22,5.060152447423993,4.149899396378269,8.29979879275653,1.9999999999999978,target,7,1
C break,KALYANKJIL,2024-08-22,5.060152447423993,7.649434571890149,15.29886914378029,1.9999999999999991,target,13,1
A next open,GOKULAGRO,2025-11-13,5.780850253116321,6.551297898640297,-6.551297898640296,-0.9999999999999999,stop,17,1
B retest,GOKULAGRO,2025-11-13,5.780850253116321,5.6980341283305,-5.698034128330498,-0.9999999999999997,stop,16,1
C break,GOKULAGRO,2025-11-13,5.780850253116321,7.6652498900776775,-7.665249890077675,-0.9999999999999997,stop,14,1
A next open,NESCO,2023-11-10,5.154181764401389,9.664948453608249,11.391752577319592,1.178666666666667,time,25,1
B retest,NESCO,2023-11-10,5.154181764401389,,,,no fill,0,0
C break,NESCO,2023-11-10,5.154181764401389,10.70063694267516,10.121019108280272,0.9458333333333349,time,25,1
A next open,METROBRAND,2026-05-21,4.324894514767941,3.70002707336883,-3.700027073368828,-0.9999999999999994,stop,1,1
B retest,METROBRAND,2026-05-21,4.324894514767941,3.69133574007221,-3.69133574007221,-1.0,stop,1,1
C break,METROBRAND,2026-05-21,4.324894514767941,,,,no fill,0,0
A next open,RITES,2024-07-29,6.115107913669049,7.97900262467191,-7.979002624671905,-0.9999999999999993,stop,5,1
B retest,RITES,2024-07-29,6.115107913669049,7.639620653319283,-7.6396206533192785,-0.9999999999999994,stop,4,1
C break,RITES,2024-07-29,6.115107913669049,,,,no fill,0,0
A next open,DOMS,2025-09-04,8.856309671233964,6.004745391494799,-6.0047453914948035,-1.0000000000000007,stop,2,1
B retest,DOMS,2025-09-04,8.856309671233964,4.353316989822444,-4.353316989822442,-0.9999999999999996,stop,1,1
C break,DOMS,2025-09-04,8.856309671233964,,,,no fill,0,0
A next open,PURVA,2023-12-11,4.055905727596598,8.399014778325128,-8.399014778325132,-1.0000000000000004,stop,7,1
B retest,PURVA,2023-12-11,4.055905727596598,6.628169721315599,-6.628169721315603,-1.0000000000000004,stop,6,1
C break,PURVA,2023-12-11,4.055905727596598,,,,no fill,0,0
A next open,HAPPYFORGE,2026-02-03,9.839167455061503,5.544381285526899,11.0887625710538,2.0000000000000004,target,7,1
B retest,HAPPYFORGE,2026-02-03,9.839167455061503,5.087873462214419,10.175746924428841,2.000000000000001,target,6,1
C break,HAPPYFORGE,2026-02-03,9.839167455061503,6.968130921619302,13.936261843238595,1.9999999999999987,target,3,1
A next open,LGBBROSLTD,2025-11-03,9.380069116298762,7.0620605319474175,14.124121063894822,1.9999999999999982,target,4,1
B retest,LGBBROSLTD,2025-11-03,9.380069116298762,,,,no fill,0,0
C break,LGBBROSLTD,2025-11-03,9.380069116298762,15.27313266443701,5.5964325529543,0.3664233576642342,time,25,1
A next open,CONCORDBIO,2025-05-30,4.9853020577119045,4.066700697634838,8.13340139526968,2.000000000000001,target,4,1
B retest,CONCORDBIO,2025-05-30,4.9853020577119045,,,,no fill,0,0
C break,CONCORDBIO,2025-05-30,4.9853020577119045,7.8205896779116015,15.641179355823208,2.000000000000001,target,4,1
A next open,BIRLACORPN,2026-05-11,5.025125628140703,6.2720557097821565,-6.272055709782154,-0.9999999999999996,stop,5,1
B retest,BIRLACORPN,2026-05-11,5.025125628140703,6.2720557097821565,-6.272055709782154,-0.9999999999999996,stop,4,1
C break,BIRLACORPN,2026-05-11,5.025125628140703,,,,no fill,0,0
A next open,ZFCVINDIA,2024-05-28,4.537071191442266,6.569082470546234,-6.569082470546228,-0.999999999999999,stop,3,1
B retest,ZFCVINDIA,2024-05-28,4.537071191442266,6.569082470546234,-6.569082470546228,-0.999999999999999,stop,2,1
C break,ZFCVINDIA,2024-05-28,4.537071191442266,,,,no fill,0,0
A next open,ZFCVINDIA,2025-02-07,5.359116022099442,4.103896103896104,-4.103896103896099,-0.9999999999999987,stop,2,1
B retest,ZFCVINDIA,2025-02-07,5.359116022099442,4.103896103896104,-4.103896103896099,-0.9999999999999987,stop,1,1
C break,ZFCVINDIA,2025-02-07,5.359116022099442,,,,no fill,0,0
A next open,ASHAPURMIN,2026-05-29,4.426267104961412,9.713333333333336,-9.71333333333334,-1.0000000000000004,stop,6,1
B retest,ASHAPURMIN,2026-05-29,4.426267104961412,8.431372549019612,-8.431372549019612,-1.0,stop,5,1
C break,ASHAPURMIN,2026-05-29,4.426267104961412,10.370615486432829,-10.370615486432833,-1.0000000000000004,stop,2,1
A next open,ITDC,2026-04-10,5.78067441201473,10.117724541038948,-11.41845723223842,-1.1285598047192837,stop,24,1
B retest,ITDC,2026-04-10,5.78067441201473,10.117724541038948,-11.41845723223842,-1.1285598047192837,stop,23,1
C break,ITDC,2026-04-10,5.78067441201473,16.522669928893656,-17.730713357290316,-1.0731142989356774,stop,21,1
A next open,ITDC,2026-06-05,4.217941101587042,4.270015698587135,-4.270015698587137,-1.0000000000000007,stop,1,1
B retest,ITDC,2026-06-05,4.217941101587042,,,,no fill,0,0
C break,ITDC,2026-06-05,4.217941101587042,,,,no fill,0,0
A next open,ADANIGREEN,2023-12-06,9.343715239154626,7.389240506329115,-7.389240506329109,-0.9999999999999993,stop,4,1
B retest,ADANIGREEN,2023-12-06,9.343715239154626,6.408903386740865,-6.40890338674086,-0.9999999999999993,stop,2,1
C break,ADANIGREEN,2023-12-06,9.343715239154626,,,,no fill,0,0
A next open,VRLLOG,2026-07-27,7.354695405372058,4.130808950086052,8.911837827500491,2.157407407407414,target,7,1
B retest,VRLLOG,2026-07-27,7.354695405372058,4.130808950086052,8.911837827500491,2.157407407407414,target,6,1
C break,VRLLOG,2026-07-27,7.354695405372058,6.428491432411245,12.856982864822486,1.9999999999999996,target,7,1
A next open,PFOCUS,2025-06-27,6.691221608348674,11.834190883397355,23.66838176679471,2.0,target,5,1
B retest,PFOCUS,2025-06-27,6.691221608348674,11.086749981729163,22.17349996345832,1.9999999999999993,target,2,1
C break,PFOCUS,2025-06-27,6.691221608348674,19.15741909761447,1.4552461957605178,0.07596253902185232,time,25,1
A next open,PFOCUS,2025-09-09,10.000000000000009,4.936974789915969,-4.936974789915971,-1.0000000000000004,stop,15,1
B retest,PFOCUS,2025-09-09,10.000000000000009,4.936974789915969,-4.936974789915971,-1.0000000000000004,stop,14,1
C break,PFOCUS,2025-09-09,10.000000000000009,5.542218975054798,-5.542218975054802,-1.0000000000000009,stop,11,1
A next open,GRAPHITE,2026-09-09,10.711610486891377,7.644640409938626,-7.64464040993863,-1.0000000000000004,stop,4,1
B retest,GRAPHITE,2026-09-09,10.711610486891377,7.644640409938626,-7.64464040993863,-1.0000000000000004,stop,3,1
C break,GRAPHITE,2026-09-09,10.711610486891377,,,,no fill,0,0
A next open,APARINDS,2026-02-03,15.767228177641645,4.151041666666667,8.302083333333332,1.9999999999999996,target,11,1
B retest,APARINDS,2026-02-03,15.767228177641645,4.151041666666667,8.302083333333332,1.9999999999999996,target,10,1
C break,APARINDS,2026-02-03,15.767228177641645,,,,no fill,0,0
A next open,BASF,2025-05-20,5.039874360072627,4.679245283018868,-4.6792452830188624,-0.9999999999999989,stop,13,1
B retest,BASF,2025-05-20,5.039874360072627,4.679245283018868,-4.6792452830188624,-0.9999999999999989,stop,12,1
C break,BASF,2025-05-20,5.039874360072627,,,,no fill,0,0
A next open,WAAREEENER,2025-04-23,7.802286020107796,6.1369863013698565,-10.102739726027398,-1.646205357142859,stop,2,1
B retest,WAAREEENER,2025-04-23,7.802286020107796,6.1369863013698565,-10.102739726027398,-1.646205357142859,stop,1,1
C break,WAAREEENER,2025-04-23,7.802286020107796,,,,no fill,0,0
A next open,GRSE,2024-05-23,10.179439879255426,7.142857142857142,-7.14285714285714,-0.9999999999999997,stop,8,1
B retest,GRSE,2024-05-23,10.179439879255426,7.142857142857142,-7.14285714285714,-0.9999999999999997,stop,7,1
C break,GRSE,2024-05-23,10.179439879255426,9.160785409824605,-9.160785409824602,-0.9999999999999997,stop,4,1
A next open,INDIACEM,2024-06-27,8.521818597212704,4.80968858131487,-4.809688581314875,-1.0000000000000009,stop,8,1
B retest,INDIACEM,2024-06-27,8.521818597212704,4.80968858131487,-4.809688581314875,-1.0000000000000009,stop,7,1
C break,INDIACEM,2024-06-27,8.521818597212704,,,,no fill,0,0
A next open,SARDAEN,2025-08-04,19.997723651263357,3.9575289575289574,7.91505791505791,1.999999999999999,target,2,1
B retest,SARDAEN,2025-08-04,19.997723651263357,3.9575289575289574,7.91505791505791,1.999999999999999,target,1,1
C break,SARDAEN,2025-08-04,19.997723651263357,15.247018739352642,6.669505962521294,0.43743016759776526,time,25,1
A next open,SBCL,2026-02-03,4.597014925373144,11.65644171779141,-11.830265848670763,-1.014912280701755,stop,19,1
B retest,SBCL,2026-02-03,4.597014925373144,11.65644171779141,-11.830265848670763,-1.014912280701755,stop,18,1
C break,SBCL,2026-02-03,4.597014925373144,12.532901397043933,-12.705001012350682,-1.013731825525041,stop,15,1
A next open,SBCL,2026-08-07,10.756401068473508,10.55495689655173,21.109913793103452,1.9999999999999993,target,19,1
B retest,SBCL,2026-08-07,10.756401068473508,,,,no fill,0,0
C break,SBCL,2026-08-07,10.756401068473508,21.6933962264151,3.0000000000000027,0.13829093281148083,time,25,1
A next open,SUNDRMFAST,2026-08-11,7.01863907963971,2.727272727272727,5.454545454545445,1.9999999999999967,target,20,1
B retest,SUNDRMFAST,2026-08-11,7.01863907963971,2.727272727272727,5.454545454545445,1.9999999999999967,target,19,1
C break,SUNDRMFAST,2026-08-11,7.01863907963971,4.231082180634662,8.46216436126932,1.9999999999999991,target,19,1
A next open,SUPRAJIT,2024-08-16,5.721969767226187,10.127186009538958,-10.127186009538958,-1.0,stop,4,1
B retest,SUPRAJIT,2024-08-16,5.721969767226187,8.896051571313464,-8.896051571313468,-1.0000000000000004,stop,3,1
C break,SUPRAJIT,2024-08-16,5.721969767226187,,,,no fill,0,0
A next open,RKFORGE,2026-02-03,9.685633140730587,3.644444444444445,-3.644444444444439,-0.9999999999999984,stop,15,1
B retest,RKFORGE,2026-02-03,9.685633140730587,3.644444444444445,-3.644444444444439,-0.9999999999999984,stop,14,1
C break,RKFORGE,2026-02-03,9.685633140730587,5.739130434782608,-5.739130434782613,-1.0000000000000007,stop,11,1
A next open,ATGL,2023-11-29,8.661906240298034,7.630522088353414,15.261044176706818,1.9999999999999987,target,4,1
B retest,ATGL,2023-11-29,8.661906240298034,5.80847723704866,11.61695447409732,2.0,target,3,1
C break,ATGL,2023-11-29,8.661906240298034,10.38961038961039,20.779220779220786,2.000000000000001,target,2,1
A next open,ATGL,2023-12-06,4.231930284217111,17.740471869328495,-3.6070780399274027,-0.20332480818414309,time,25,1
B retest,ATGL,2023-12-06,4.231930284217111,13.93714990980727,-6.664767872401023,-0.4782016348773841,time,25,1
C break,ATGL,2023-12-06,4.231930284217111,23.174710792830208,-13.042925547692708,-0.5628085573230941,time,25,1
A next open,NH,2025-11-17,4.647847162817231,8.899402390438249,-8.899402390438249,-1.0,stop,23,1
B retest,NH,2025-11-17,4.647847162817231,8.899402390438249,-8.899402390438249,-1.0,stop,22,1
C break,NH,2025-11-17,4.647847162817231,,,,no fill,0,0
A next open,MUTHOOTFIN,2025-08-14,8.769273676242072,4.596428571428565,-4.596428571428568,-1.0000000000000007,stop,3,1
B retest,MUTHOOTFIN,2025-08-14,8.769273676242072,3.122506709218826,-3.122506709218831,-1.0000000000000016,stop,2,1
C break,MUTHOOTFIN,2025-08-14,8.769273676242072,,,,no fill,0,0
A next open,MUTHOOTFIN,2025-11-14,7.5712475317556205,3.9080953403478613,1.4923770667811809,0.38186813186812985,time,25,1
B retest,MUTHOOTFIN,2025-11-14,7.5712475317556205,3.9080953403478613,1.739317156968001,0.44505494505494425,time,25,1
C break,MUTHOOTFIN,2025-11-14,7.5712475317556205,4.660452729693742,1.752330226364851,0.37600000000000083,time,25,1
A next open,BLISSGVS,2025-07-30,7.703189300411517,8.554894360430195,-8.554894360430199,-1.0000000000000004,stop,14,1
B retest,BLISSGVS,2025-07-30,7.703189300411517,8.554894360430195,-8.554894360430199,-1.0000000000000004,stop,13,1
C break,BLISSGVS,2025-07-30,7.703189300411517,10.245418497481515,-10.245418497481518,-1.0000000000000004,stop,7,1
A next open,POLICYBZR,2025-10-30,4.496924683764658,4.050894459246371,-4.0508944592463685,-0.9999999999999993,stop,4,1
B retest,POLICYBZR,2025-10-30,4.496924683764658,4.050894459246371,-4.0508944592463685,-0.9999999999999993,stop,3,1
C break,POLICYBZR,2025-10-30,4.496924683764658,4.667747163695305,-4.667747163695301,-0.9999999999999992,stop,1,1
A next open,TDPOWERSYS,2025-10-31,5.1477040070196045,6.4870520533612375,-6.487052053361242,-1.0000000000000007,stop,15,1
B retest,TDPOWERSYS,2025-10-31,5.1477040070196045,6.4870520533612375,-6.487052053361242,-1.0000000000000007,stop,14,1
C break,TDPOWERSYS,2025-10-31,5.1477040070196045,12.162162162162163,-12.16216216216216,-0.9999999999999997,stop,12,1
A next open,TDPOWERSYS,2026-08-12,9.360301034807161,9.137123745819393,-3.3979933110367844,-0.371888726207906,time,25,1
B retest,TDPOWERSYS,2026-08-12,9.360301034807161,8.21621621621621,3.2094594594594517,0.39062499999999933,time,25,1
C break,TDPOWERSYS,2026-08-12,9.360301034807161,11.215686274509798,-0.16339869281045694,-0.014568764568764525,time,23,1
A next open,CCL,2025-05-06,15.564366458579372,2.3855963990997715,4.771192798199553,2.000000000000004,target,1,1
B retest,CCL,2025-05-06,15.564366458579372,2.3855963990997715,14.321080270067533,6.003144654088065,target,1,1
C break,CCL,2025-05-06,15.564366458579372,8.029403449250772,16.058806898501544,2.0,target,7,1
A next open,SBFC,2024-09-23,6.588795645271017,10.980769230769234,-10.980769230769226,-0.9999999999999993,stop,2,1
B retest,SBFC,2024-09-23,6.588795645271017,10.980769230769234,-10.980769230769226,-0.9999999999999993,stop,1,1
C break,SBFC,2024-09-23,6.588795645271017,,,,no fill,0,0
A next open,SBFC,2025-06-30,4.137348719392064,7.09824962617644,-7.098249626176434,-0.9999999999999992,stop,22,1
B retest,SBFC,2025-06-30,4.137348719392064,5.805761170070446,-5.805761170070445,-0.9999999999999999,stop,21,1
C break,SBFC,2025-06-30,4.137348719392064,7.350877192982452,-7.350877192982452,-1.0,stop,14,1
A next open,APOLLOHOSP,2024-11-07,4.9999282444281645,2.5676416262406887,-2.567641626240691,-1.0000000000000009,stop,2,1
B retest,APOLLOHOSP,2024-11-07,4.9999282444281645,2.5676416262406887,-2.567641626240691,-1.0000000000000009,stop,1,1
C break,APOLLOHOSP,2024-11-07,4.9999282444281645,,,,no fill,0,0
A next open,SKIPPER,2024-06-03,4.715556301392865,6.009316770186342,-6.009316770186346,-1.0000000000000007,stop,1,1
B retest,SKIPPER,2024-06-03,4.715556301392865,,,,no fill,0,0
C break,SKIPPER,2024-06-03,4.715556301392865,,,,no fill,0,0
A next open,TRANSRAILL,2025-08-06,7.686857952532766,5.832756559491603,-5.832756559491603,-1.0,stop,13,1
B retest,TRANSRAILL,2025-08-06,7.686857952532766,5.832756559491603,-5.832756559491603,-1.0,stop,12,1
C break,TRANSRAILL,2025-08-06,7.686857952532766,7.480217606330367,-7.480217606330363,-0.9999999999999996,stop,8,1
A next open,PGEL,2024-07-25,11.993011356545624,8.353170309456832,-8.461371997403166,-1.012953367875648,stop,6,1
B retest,PGEL,2024-07-25,11.993011356545624,5.794683572461352,-5.905905905905906,-1.0191938579654507,stop,5,1
C break,PGEL,2024-07-25,11.993011356545624,,,,no fill,0,0
A next open,3MINDIA,2025-11-04,7.687296416938105,8.655462184873949,-3.123249299719888,-0.3608414239482201,time,25,1
B retest,3MINDIA,2025-11-04,7.687296416938105,8.655462184873949,-3.4173669467787104,-0.3948220064724918,time,25,1
C break,3MINDIA,2025-11-04,7.687296416938105,10.608552631578947,-3.0427631578947345,-0.2868217054263564,time,25,1
A next open,NIACL,2025-07-30,4.887044721069622,9.995499774988753,-2.600130006500334,-0.26013006503251707,time,25,1
B retest,NIACL,2025-07-30,4.887044721069622,9.995499774988753,-3.3751687584379186,-0.3376688344172082,time,25,1
C break,NIACL,2025-07-30,4.887044721069622,,,,no fill,0,0
A next open,KINGFA,2026-08-17,4.258943781942071,4.960985626283367,-4.960985626283366,-0.9999999999999997,stop,2,1
B retest,KINGFA,2026-08-17,4.258943781942071,4.960985626283367,-4.960985626283366,-0.9999999999999997,stop,1,1
C break,KINGFA,2026-08-17,4.258943781942071,,,,no fill,0,0
A next open,CENTRALBK,2024-06-03,5.259087393658146,8.611111111111116,-8.611111111111114,-0.9999999999999998,stop,1,1
B retest,CENTRALBK,2024-06-03,5.259087393658146,,,,no fill,0,0
C break,CENTRALBK,2024-06-03,5.259087393658146,,,,no fill,0,0
A next open,ICIL,2025-02-13,5.377839592025957,6.398809523809524,-7.7232142857142865,-1.2069767441860466,stop,2,1
B retest,ICIL,2025-02-13,5.377839592025957,6.398809523809524,-7.7232142857142865,-1.2069767441860466,stop,1,1
C break,ICIL,2025-02-13,5.377839592025957,,,,no fill,0,0
A next open,ICIL,2026-02-03,19.999161812162104,3.7162162162162162,-3.716216216216217,-1.0000000000000002,stop,1,1
B retest,ICIL,2026-02-03,19.999161812162104,0.46449900464498445,11.88139559249819,25.578947368421414,target,1,1
C break,ICIL,2026-02-03,19.999161812162104,5.9405940594059405,-5.940594059405946,-1.0000000000000009,stop,11,1
A next open,TANLA,2026-04-27,4.775627830382878,12.241379310344827,-12.241379310344824,-0.9999999999999997,stop,3,1
B retest,TANLA,2026-04-27,4.775627830382878,12.241379310344827,-12.241379310344824,-0.9999999999999997,stop,2,1
C break,TANLA,2026-04-27,4.775627830382878,,,,no fill,0,0
A next open,GODREJPROP,2024-05-06,4.292329843950671,6.667254763585033,-6.667254763585029,-0.9999999999999993,stop,5,1
B retest,GODREJPROP,2024-05-06,4.292329843950671,6.667254763585033,-6.667254763585029,-0.9999999999999993,stop,4,1
C break,GODREJPROP,2024-05-06,4.292329843950671,7.191228070175431,-7.191228070175438,-1.0000000000000009,stop,2,1
A next open,IOLCP,2023-09-13,4.555808656036442,14.528301886792457,-14.52830188679246,-1.0000000000000002,stop,16,1
B retest,IOLCP,2023-09-13,4.555808656036442,12.926477654973572,-12.926477654973578,-1.0000000000000004,stop,15,1
C break,IOLCP,2023-09-13,4.555808656036442,,,,no fill,0,0
A next open,IIFLCAPS,2023-10-18,4.144527098831041,12.568807339449545,-12.568807339449538,-0.9999999999999994,stop,3,1
B retest,IIFLCAPS,2023-10-18,4.144527098831041,11.840888066604993,-11.840888066604993,-1.0,stop,2,1
C break,IIFLCAPS,2023-10-18,4.144527098831041,,,,no fill,0,0
A next open,CUB,2024-10-22,8.897742363877814,1.7479674796748015,3.4959349593496114,2.000000000000005,target,1,1
B retest,CUB,2024-10-22,8.897742363877814,1.7479674796748015,3.4959349593496114,2.000000000000005,target,1,1
C break,CUB,2024-10-22,8.897742363877814,6.85934489402698,6.859344894026975,0.9999999999999993,time,25,1
A next open,CUB,2025-11-04,6.325896639367401,6.126126126126128,2.2136422136422196,0.3613445378151269,time,25,1
B retest,CUB,2025-11-04,6.325896639367401,6.00515463917526,1.3402061855670055,0.22317596566523515,time,25,1
C break,CUB,2025-11-04,6.325896639367401,6.7740286298568515,3.7321063394682996,0.5509433962264145,time,25,1
A next open,SUVEN,2023-09-12,4.4349070100142995,7.177363699102833,-0.897170462387864,-0.1250000000000014,time,25,1
B retest,SUVEN,2023-09-12,4.4349070100142995,7.177363699102833,-1.7253278122843385,-0.2403846153846159,time,25,1
C break,SUVEN,2023-09-12,4.4349070100142995,11.918795022920753,-11.918795022920758,-1.0000000000000004,stop,24,1
A next open,BECTORFOOD,2026-07-16,7.717346274486592,10.361543122601486,20.723086245202982,2.000000000000001,target,18,1
B retest,BECTORFOOD,2026-07-16,7.717346274486592,7.652291525776403,15.3045830515528,1.9999999999999993,target,15,1
C break,BECTORFOOD,2026-07-16,7.717346274486592,15.349768728243763,19.6366410757713,1.2792792792792793,time,25,1
A next open,DCBBANK,2025-04-28,4.699677241596478,5.272181740248604,-5.272181740248605,-1.0000000000000002,stop,5,1
B retest,DCBBANK,2025-04-28,4.699677241596478,4.912154894227318,-4.912154894227316,-0.9999999999999997,stop,4,1
C break,DCBBANK,2025-04-28,4.699677241596478,,,,no fill,0,0
A next open,RUBICON,2026-08-17,5.039836946451737,9.120885262393118,-2.13491309450623,-0.23406862745098014,time,23,1
B retest,RUBICON,2026-08-17,5.039836946451737,9.120885262393118,-2.13491309450623,-0.23406862745098014,time,22,1
C break,RUBICON,2026-08-17,5.039836946451737,10.060840707964607,-3.1471238938053148,-0.3128092358438706,time,20,1
A next open,TIMETECHNO,2024-02-13,7.430875576036877,8.020304568527925,16.04060913705585,2.0,target,4,1
B retest,TIMETECHNO,2024-02-13,7.430875576036877,8.020304568527925,16.04060913705585,2.0,target,3,1
C break,TIMETECHNO,2024-02-13,7.430875576036877,16.111111111111118,2.037037037037037,0.12643678160919536,time,25,1
A next open,SCHAEFFLER,2026-02-25,4.65628672150411,3.9300497651272033,-3.930049765127208,-1.0000000000000013,stop,3,1
B retest,SCHAEFFLER,2026-02-25,4.65628672150411,0.930455635491611,-0.9304556354916116,-1.0000000000000007,stop,1,1
C break,SCHAEFFLER,2026-02-25,4.65628672150411,,,,no fill,0,0
A next open,TTML,2025-01-20,8.389639639639634,6.024844720496887,-6.024844720496891,-1.0000000000000007,stop,2,1
B retest,TTML,2025-01-20,8.389639639639634,6.024844720496887,-6.024844720496891,-1.0000000000000007,stop,1,1
C break,TTML,2025-01-20,8.389639639639634,,,,no fill,0,0
A next open,FOSECOIND,2026-05-13,5.1251092884799565,8.014571948998178,-8.014571948998183,-1.0000000000000007,stop,1,1
B retest,FOSECOIND,2026-05-13,5.1251092884799565,,,,no fill,0,0
C break,FOSECOIND,2026-05-13,5.1251092884799565,,,,no fill,0,0
A next open,GABRIEL,2025-07-02,19.999999999999996,4.02034006038456,-4.020340060384564,-1.000000000000001,stop,3,1
B retest,GABRIEL,2025-07-02,19.999999999999996,4.02034006038456,-4.020340060384564,-1.000000000000001,stop,2,1
C break,GABRIEL,2025-07-02,19.999999999999996,,,,no fill,0,0
A next open,SHRIPISTON,2025-05-08,7.168189145620629,6.619047619047619,13.238095238095248,2.0000000000000018,target,4,1
B retest,SHRIPISTON,2025-05-08,7.168189145620629,6.619047619047619,13.238095238095248,2.0000000000000018,target,3,1
C break,SHRIPISTON,2025-05-08,7.168189145620629,13.037694013303769,6.917960088691788,0.5306122448979586,time,25,1
A next open,SWANDEF,2026-09-03,4.998568331492637,4.7765477654776545,9.553095530955314,2.0000000000000013,target,5,1
B retest,SWANDEF,2026-09-03,4.998568331492637,4.7765477654776545,9.553095530955314,2.0000000000000013,target,4,1
C break,SWANDEF,2026-09-03,4.998568331492637,9.52121235731817,6.9928707779812305,0.7344517184942723,time,6,1
A next open,KPIGREEN,2024-07-16,5.0003858322401395,2.8392791467451204,5.928650239058464,2.088082901554404,target,2,1
B retest,KPIGREEN,2024-07-16,5.0003858322401395,2.810683540578311,5.959826355676556,2.1204188481675508,target,1,1
C break,KPIGREEN,2024-07-16,5.0003858322401395,,,,no fill,0,0
A next open,TIIL,2024-08-14,8.595619363151098,7.311769502582223,-7.311769502582221,-0.9999999999999998,stop,10,1
B retest,TIIL,2024-08-14,8.595619363151098,5.343511450381679,-5.343511450381677,-0.9999999999999997,stop,2,1
C break,TIIL,2024-08-14,8.595619363151098,8.945260347129507,-8.945260347129501,-0.9999999999999994,stop,7,1
A next open,BANDHANBNK,2024-07-29,5.454545454545445,8.391320271012628,-8.391320271012626,-0.9999999999999998,stop,6,1
B retest,BANDHANBNK,2024-07-29,5.454545454545445,8.391320271012628,-8.391320271012626,-0.9999999999999998,stop,5,1
C break,BANDHANBNK,2024-07-29,5.454545454545445,,,,no fill,0,0
A next open,BANDHANBNK,2024-10-11,7.618540223761339,5.787124952525636,-5.787124952525636,-1.0,stop,2,1
B retest,BANDHANBNK,2024-10-11,7.618540223761339,5.6168553219823085,-5.616855321982306,-0.9999999999999996,stop,1,1
C break,BANDHANBNK,2024-10-11,7.618540223761339,,,,no fill,0,0
A next open,BANDHANBNK,2026-01-23,5.433104029201163,2.715387194099907,5.4307743881998105,1.9999999999999987,target,8,1
B retest,BANDHANBNK,2026-01-23,5.433104029201163,2.715387194099907,5.4307743881998105,1.9999999999999987,target,7,1
C break,BANDHANBNK,2026-01-23,5.433104029201163,5.410691003911349,10.821382007822699,2.0,target,11,1
A next open,BANDHANBNK,2026-04-29,4.119787293590815,6.05555555555556,3.9747474747474865,0.6563803169307771,time,25,1
B retest,BANDHANBNK,2026-04-29,4.119787293590815,6.05555555555556,2.479797979797982,0.4095079232693912,time,25,1
C break,BANDHANBNK,2026-04-29,4.119787293590815,9.883242090983966,-3.2217431326001633,-0.32598039215686253,time,25,1
A next open,ABDL,2024-11-29,4.595389138171124,3.0428360413589397,6.085672082717886,2.000000000000002,target,3,1
B retest,ABDL,2024-11-29,4.595389138171124,2.538975501113589,5.077951002227188,2.000000000000004,target,2,1
C break,ABDL,2024-11-29,4.595389138171124,5.0621926525889505,10.124385305177896,1.999999999999999,target,3,1
A next open,IPCALAB,2023-10-23,4.712041884816753,4.003006012024053,8.006012024048115,2.000000000000002,target,17,1
B retest,IPCALAB,2023-10-23,4.712041884816753,4.003006012024053,8.006012024048115,2.000000000000002,target,16,1
C break,IPCALAB,2023-10-23,4.712041884816753,5.049554013875128,10.099108027750248,1.9999999999999982,target,14,1
A next open,PNBHOUSING,2025-01-22,4.06232609905397,6.59534575934709,-6.595345759347094,-1.0000000000000004,stop,3,1
B retest,PNBHOUSING,2025-01-22,4.06232609905397,6.59534575934709,-6.595345759347094,-1.0000000000000004,stop,2,1
C break,PNBHOUSING,2025-01-22,4.06232609905397,,,,no fill,0,0
A next open,MARUTI,2025-08-18,5.929189857761297,2.8855721393034823,5.863539445629007,2.032019704433501,target,7,1
B retest,MARUTI,2025-08-18,5.929189857761297,2.87176570941143,5.878589707136772,2.0470297029703,target,6,1
C break,MARUTI,2025-08-18,5.929189857761297,3.9032280751107673,7.80645615022153,1.999999999999999,target,12,1
A next open,COFORGE,2025-01-23,5.86447888179884,4.917582417582418,-4.917582417582422,-1.0000000000000009,stop,3,1
B retest,COFORGE,2025-01-23,5.86447888179884,4.917582417582418,-4.917582417582422,-1.0000000000000009,stop,2,1
C break,COFORGE,2025-01-23,5.86447888179884,,,,no fill,0,0
A next open,COFORGE,2026-05-06,7.905544147843946,3.706849949803073,7.413699899606141,1.9999999999999987,target,9,1
B retest,COFORGE,2026-05-06,7.905544147843946,2.6163698844111214,5.232739768822237,1.9999999999999976,target,1,1
C break,COFORGE,2026-05-06,7.905544147843946,9.36909434510829,6.468963512138393,0.6904577191621419,time,25,1
A next open,THYROCARE,2023-12-06,4.7667862634546365,3.3414043583535133,6.682808716707034,2.000000000000002,target,10,1
B retest,THYROCARE,2023-12-06,4.7667862634546365,3.0597377367654257,6.119475473530844,1.9999999999999978,target,9,1
C break,THYROCARE,2023-12-06,4.7667862634546365,4.952380952380955,9.904761904761905,1.999999999999999,target,20,1
A next open,THYROCARE,2024-07-24,5.640314378178446,9.685133519330416,19.370267038660828,1.9999999999999996,target,19,1
B retest,THYROCARE,2024-07-24,5.640314378178446,9.685133519330416,19.370267038660828,1.9999999999999996,target,18,1
C break,THYROCARE,2024-07-24,5.640314378178446,13.37920489296637,10.7033639143731,0.8000000000000003,time,25,1
A next open,PTCIL,2023-12-14,7.433749188000727,8.728358208955227,-8.728358208955223,-0.9999999999999996,stop,1,1
B retest,PTCIL,2023-12-14,7.433749188000727,,,,no fill,0,0
C break,PTCIL,2023-12-14,7.433749188000727,,,,no fill,0,0
A next open,PTCIL,2024-01-02,5.223366135618135,8.093745741926693,16.18749148385339,2.0000000000000004,target,24,1
B retest,PTCIL,2024-01-02,5.223366135618135,6.670725463879015,13.341450927758025,1.9999999999999991,target,20,1
C break,PTCIL,2024-01-02,5.223366135618135,7.095583424584887,14.191166849169768,1.9999999999999993,target,17,1
A next open,PTCIL,2026-06-01,5.762460626273858,7.915680791568079,-7.9156807915680805,-1.0000000000000002,stop,19,1
B retest,PTCIL,2026-06-01,5.762460626273858,7.382768132403051,-7.382768132403051,-1.0,stop,18,1
C break,PTCIL,2026-06-01,5.762460626273858,10.668266471907769,-10.668266471907772,-1.0000000000000002,stop,16,1
A next open,JUSTDIAL,2024-04-18,6.6154191448771105,6.0,12.00000000000001,2.0000000000000018,target,8,1
B retest,JUSTDIAL,2024-04-18,6.6154191448771105,6.0,12.00000000000001,2.0000000000000018,target,7,1
C break,JUSTDIAL,2024-04-18,6.6154191448771105,13.511524129364672,-13.511524129364672,-1.0,stop,23,1
A next open,JUSTDIAL,2024-07-18,6.269925611052085,13.425523508494674,3.4650335835638035,0.25809299587992884,time,25,1
B retest,JUSTDIAL,2024-07-18,6.269925611052085,11.794541502294502,5.543031961999856,0.46996587030716863,time,25,1
C break,JUSTDIAL,2024-07-18,6.269925611052085,12.07062600321028,1.9141252006420473,0.15857712765957377,time,25,1
A next open,JUSTDIAL,2026-07-13,6.719262476730803,15.50393037619314,-4.50589556428973,-0.29062924400181134,time,25,1
B retest,JUSTDIAL,2026-07-13,6.719262476730803,,,,no fill,0,0
C break,JUSTDIAL,2026-07-13,6.719262476730803,23.610406091370553,-13.623096446700512,-0.5769954313356628,time,25,1
A next open,JUSTDIAL,2026-07-14,5.252271552042553,11.0,-10.999999999999998,-0.9999999999999999,stop,7,1
B retest,JUSTDIAL,2026-07-14,5.252271552042553,9.890527115104724,-9.89052711510472,-0.9999999999999994,stop,6,1
C break,JUSTDIAL,2026-07-14,5.252271552042553,,,,no fill,0,0
A next open,GALAXYSURF,2026-08-14,15.40853425181783,9.69788519637463,-9.697885196374633,-1.0000000000000004,stop,1,1
B retest,GALAXYSURF,2026-08-14,15.40853425181783,4.672301068410153,-4.672301068410157,-1.0000000000000007,stop,1,1
C break,GALAXYSURF,2026-08-14,15.40853425181783,,,,no fill,0,0
A next open,SENCO,2024-04-15,6.338116032439167,12.556764177843489,-12.556764177843483,-0.9999999999999996,stop,18,1
B retest,SENCO,2024-04-15,6.338116032439167,12.556764177843489,-12.556764177843483,-0.9999999999999996,stop,17,1
C break,SENCO,2024-04-15,6.338116032439167,14.98100420987781,-14.981004209877813,-1.0000000000000002,stop,15,1
A next open,SENCO,2025-07-07,4.3155187196341815,2.113259668508281,-2.1132596685082827,-1.0000000000000009,stop,1,1
B retest,SENCO,2025-07-07,4.3155187196341815,,,,no fill,0,0
C break,SENCO,2025-07-07,4.3155187196341815,,,,no fill,0,0
A next open,SENCO,2026-01-07,8.535642492655015,4.40565253532834,-4.405652535328342,-1.0000000000000004,stop,1,1
B retest,SENCO,2026-01-07,8.535642492655015,4.379157427937919,-4.379157427937919,-1.0,stop,1,1
C break,SENCO,2026-01-07,8.535642492655015,,,,no fill,0,0
A next open,SENCO,2026-04-06,4.033933518005539,6.938206597491105,13.876413194982206,1.9999999999999996,target,22,1
B retest,SENCO,2026-04-06,4.033933518005539,6.938206597491105,13.876413194982206,1.9999999999999996,target,21,1
C break,SENCO,2026-04-06,4.033933518005539,10.165944087307519,-1.181043504260726,-0.11617647058823524,time,25,1
A next open,RPOWER,2024-06-11,7.323619631901845,8.585858585858588,-8.585858585858585,-0.9999999999999996,stop,20,1
B retest,RPOWER,2024-06-11,7.323619631901845,,,,no fill,0,0
C break,RPOWER,2024-06-11,7.323619631901845,13.20332480818415,-13.203324808184147,-0.9999999999999999,stop,17,1
A next open,RPOWER,2024-09-25,4.993757802746557,5.737704918032794,11.475409836065587,2.0,target,3,1
B retest,RPOWER,2024-09-25,4.993757802746557,,,,no fill,0,0
C break,RPOWER,2024-09-25,4.993757802746557,12.972972972972974,-12.972972972972974,-1.0,stop,13,1
A next open,RELIGARE,2025-07-09,4.2202663055743495,3.9705072248824123,7.941014449764827,2.000000000000001,target,2,1
B retest,RELIGARE,2025-07-09,4.2202663055743495,3.668437832093516,7.540913921360248,2.055619930475086,target,1,1
C break,RELIGARE,2025-07-09,4.2202663055743495,15.285409891219015,-6.190422787933159,-0.4049889948642699,time,25,1
A next open,ACMESOLAR,2025-07-28,5.3244592346090025,3.9583544603319405,-3.9583544603319365,-0.999999999999999,stop,2,1
B retest,ACMESOLAR,2025-07-28,5.3244592346090025,3.472175035673022,-3.4721750356730197,-0.9999999999999993,stop,1,1
C break,ACMESOLAR,2025-07-28,5.3244592346090025,,,,no fill,0,0
A next open,GULFOILLUB,2024-05-22,7.548675390999038,9.093896713615026,-9.093896713615024,-0.9999999999999998,stop,4,1
B retest,GULFOILLUB,2024-05-22,7.548675390999038,7.4249378466245926,-7.424937846624591,-0.9999999999999998,stop,3,1
C break,GULFOILLUB,2024-05-22,7.548675390999038,,,,no fill,0,0
A next open,SRF,2025-01-09,6.339990216720914,1.8618547318019103,3.7237094636038304,2.0000000000000053,target,6,1
B retest,SRF,2025-01-09,6.339990216720914,1.8618547318019103,3.7237094636038304,2.0000000000000053,target,5,1
C break,SRF,2025-01-09,6.339990216720914,,,,no fill,0,0
A next open,VMART,2025-04-02,4.537450900717865,8.575634891424363,9.127714390872278,1.0643776824034328,time,25,1
B retest,VMART,2025-04-02,4.537450900717865,8.575634891424363,6.91939639308059,0.8068669527896982,time,25,1
C break,VMART,2025-04-02,4.537450900717865,,,,no fill,0,0
A next open,VMART,2025-10-03,7.196917572588402,10.226598647526389,-10.226598647526385,-0.9999999999999997,stop,24,1
B retest,VMART,2025-10-03,7.196917572588402,10.205292512163284,-10.20529251216329,-1.0000000000000004,stop,23,1
C break,VMART,2025-10-03,7.196917572588402,12.762278072400267,-12.762278072400267,-1.0,stop,18,1
A next open,BORORENEW,2024-12-06,4.6772776096084545,4.607339284104221,9.214678568208434,1.9999999999999984,target,7,1
B retest,BORORENEW,2024-12-06,4.6772776096084545,4.607339284104221,9.214678568208434,1.9999999999999984,target,6,1
C break,BORORENEW,2024-12-06,4.6772776096084545,10.792580101180437,-10.792580101180437,-1.0,stop,17,1
A next open,LODHA,2024-05-31,4.4572468162522805,4.910714285714286,-4.91071428571429,-1.0000000000000009,stop,2,1
B retest,LODHA,2024-05-31,4.4572468162522805,,,,no fill,0,0
C break,LODHA,2024-05-31,4.4572468162522805,,,,no fill,0,0
A next open,HONAUT,2026-05-21,4.373757455268379,10.07163323782235,11.805157593123216,1.172119487908962,time,25,1
B retest,HONAUT,2026-05-21,4.373757455268379,10.07163323782235,13.8538681948424,1.3755334281650062,time,25,1
C break,HONAUT,2026-05-21,4.373757455268379,12.172939694976913,10.661816146634951,0.8758620689655172,time,25,1
A next open,TBOTEK,2025-09-03,12.839059674502717,6.829721362229099,-6.829721362229102,-1.0000000000000004,stop,17,1
B retest,TBOTEK,2025-09-03,12.839059674502717,5.424261470773096,-5.424261470773095,-0.9999999999999999,stop,16,1
C break,TBOTEK,2025-09-03,12.839059674502717,6.424129353233828,-6.424129353233832,-1.0000000000000007,stop,14,1
A next open,BBOX,2024-01-01,4.997424008243168,3.2586206896551686,-3.2586206896551673,-0.9999999999999996,stop,4,1
B retest,BBOX,2024-01-01,4.997424008243168,3.2586206896551686,-3.2586206896551673,-0.9999999999999996,stop,3,1
C break,BBOX,2024-01-01,4.997424008243168,,,,no fill,0,0
A next open,CSBBANK,2025-04-02,4.249667994687911,3.1640563202024996,6.328112640405004,2.0000000000000013,target,1,1
B retest,CSBBANK,2025-04-02,4.249667994687911,3.1640563202024996,7.577914886884973,2.394999999999996,target,1,1
C break,CSBBANK,2025-04-02,4.249667994687911,,,,no fill,0,0
A next open,CEMPRO,2024-09-20,10.486692821545972,13.13659359190556,-13.136593591905566,-1.0000000000000004,stop,24,1
B retest,CEMPRO,2024-09-20,10.486692821545972,8.41852609120811,16.837052182416222,2.0000000000000004,target,8,1
C break,CEMPRO,2024-09-20,10.486692821545972,8.96880798798268,17.93761597596537,2.0000000000000013,target,6,1
A next open,CEMPRO,2026-04-30,8.625257580217838,14.682422451994093,29.364844903988185,2.0,target,23,1
B retest,CEMPRO,2026-04-30,8.625257580217838,,,,no fill,0,0
C break,CEMPRO,2026-04-30,8.625257580217838,21.427794101643265,27.902927413211454,1.3021838496698837,time,25,1
A next open,VADILALIND,2025-04-01,17.55944604128561,7.103475053387685,14.831100757134541,2.0878655370319783,target,7,1
B retest,VADILALIND,2025-04-01,17.55944604128561,7.103475053387685,14.831100757134541,2.0878655370319783,target,6,1
C break,VADILALIND,2025-04-01,17.55944604128561,15.606701940035267,24.329805996472654,1.558933212792406,time,25,1
A next open,RATNAMANI,2023-11-03,4.225651189127966,0.4277927275236353,-0.42779272752363484,-0.999999999999999,stop,1,1
B retest,RATNAMANI,2023-11-03,4.225651189127966,0.4277927275236353,0.8555854550472697,1.999999999999998,target,1,1
C break,RATNAMANI,2023-11-03,4.225651189127966,,,,no fill,0,0
A next open,WHEELS,2024-05-21,19.99491007804548,7.2317098882563835,-7.231709888256388,-1.0000000000000007,stop,8,1
B retest,WHEELS,2024-05-21,19.99491007804548,6.482465462274177,-6.482465462274178,-1.0000000000000002,stop,7,1
C break,WHEELS,2024-05-21,19.99491007804548,7.329401853411969,-7.329401853411966,-0.9999999999999996,stop,5,1
A next open,PRICOLLTD,2025-11-07,6.411741985322528,11.18292371800323,3.146526065141586,0.281368821292775,time,25,1
B retest,PRICOLLTD,2025-11-07,6.411741985322528,,,,no fill,0,0
C break,PRICOLLTD,2025-11-07,6.411741985322528,12.065336364401782,9.657320872274155,0.8004187020237277,time,25,1
A next open,ACE,2024-02-07,4.508507093451808,9.275978049212247,18.551956098424483,1.999999999999999,target,17,1
B retest,ACE,2024-02-07,4.508507093451808,8.228131435222497,16.456262870444995,2.0,target,16,1
C break,ACE,2024-02-07,4.508507093451808,12.393162393162394,24.786324786324787,2.0,target,12,1
A next open,ANGELONE,2024-10-15,7.969151670951158,9.447077409162711,-9.447077409162707,-0.9999999999999997,stop,5,1
B retest,ANGELONE,2024-10-15,7.969151670951158,9.447077409162711,-9.447077409162707,-0.9999999999999997,stop,4,1
C break,ANGELONE,2024-10-15,7.969151670951158,,,,no fill,0,0
A next open,CDSL,2024-06-28,7.666234672515193,12.39256198347108,-4.508264462809919,-0.3637879293097699,time,25,1
B retest,CDSL,2024-06-28,7.666234672515193,11.188840482573724,-1.6002010723860538,-0.14301759640584008,time,25,1
C break,CDSL,2024-06-28,7.666234672515193,11.934036720112992,19.473290687048262,1.6317438217890692,time,25,1
A next open,ECLERX,2025-05-15,4.80209545983703,9.32913385826771,18.658267716535427,2.000000000000001,target,20,1
B retest,ECLERX,2025-05-15,4.80209545983703,8.78326996197718,17.56653992395436,2.0,target,17,1
C break,ECLERX,2025-05-15,4.80209545983703,12.306567564274399,6.866089923236252,0.5579207920792071,time,25,1
A next open,CREDITACC,2026-07-27,4.474169741697431,3.3241861045278895,-3.324186104527893,-1.000000000000001,stop,5,1
B retest,CREDITACC,2026-07-27,4.474169741697431,2.5768336371064047,-2.5768336371064016,-0.9999999999999988,stop,4,1
C break,CREDITACC,2026-07-27,4.474169741697431,3.9591078066914553,-3.959107806691453,-0.9999999999999994,stop,2,1
A next open,ADANIPORTS,2026-02-03,5.281163138764167,3.4446695862474703,-4.438198575070274,-1.2884250474383312,stop,19,1
B retest,ADANIPORTS,2026-02-03,5.281163138764167,3.4446695862474703,-4.438198575070274,-1.2884250474383312,stop,18,1
C break,ADANIPORTS,2026-02-03,5.281163138764167,5.489443378118999,-6.461932181701857,-1.177156177156178,stop,16,1
A next open,MARKSANS,2024-08-14,6.354692900824244,8.642491864249187,17.284983728498382,2.000000000000001,target,14,1
B retest,MARKSANS,2024-08-14,6.354692900824244,8.31428171511222,16.628563430224432,1.9999999999999991,target,13,1
C break,MARKSANS,2024-08-14,6.354692900824244,11.637213903502854,23.274427807005704,1.9999999999999998,target,13,1
A next open,CARERATING,2024-10-24,7.5479744136460525,13.04347826086957,2.920387546115921,0.22389637853555389,time,25,1
B retest,CARERATING,2024-10-24,7.5479744136460525,10.376687988628287,6.528073916133614,0.6291095890410956,time,25,1
C break,CARERATING,2024-10-24,7.5479744136460525,12.430555555555555,0.1979166666666643,0.015921787709497016,time,25,1
A next open,CARERATING,2025-05-13,5.772091639393029,10.408432147562582,20.81686429512517,2.000000000000001,target,14,1
B retest,CARERATING,2025-05-13,5.772091639393029,10.408432147562582,20.81686429512517,2.000000000000001,target,13,1
C break,CARERATING,2025-05-13,5.772091639393029,14.449267157325284,13.644083789394212,0.9442751414888975,time,25,1
A next open,TARIL,2024-10-14,4.998077662437517,4.517282479141833,-4.517282479141837,-1.0000000000000009,stop,1,1
B retest,TARIL,2024-10-14,4.998077662437517,2.2214085194678304,4.992066398144779,2.247252747252765,target,1,1
C break,TARIL,2024-10-14,4.998077662437517,,,,no fill,0,0
A next open,AARTIIND,2023-11-06,4.212354793182049,4.809619238476954,9.619238476953917,2.0000000000000018,target,16,1
B retest,AARTIIND,2023-11-06,4.212354793182049,4.809619238476954,9.619238476953917,2.0000000000000018,target,15,1
C break,AARTIIND,2023-11-06,4.212354793182049,7.766990291262135,15.533980582524265,1.9999999999999993,target,25,1
A next open,VENTIVE,2025-07-04,4.558695018933867,6.061413441683874,-1.465396656231266,-0.2417582417582417,time,25,1
B retest,VENTIVE,2025-07-04,4.558695018933867,6.061413441683874,-1.398787717311667,-0.23076923076923136,time,25,1
C break,VENTIVE,2025-07-04,4.558695018933867,10.513959390862947,-3.2614213197969644,-0.3101991550995784,time,25,1
A next open,PCJEWELLER,2023-12-13,5.263157894736836,8.30945558739255,16.61891117478511,2.0000000000000013,target,4,1
B retest,PCJEWELLER,2023-12-13,5.263157894736836,6.432748538011689,12.86549707602338,2.0000000000000004,target,3,1
C break,PCJEWELLER,2023-12-13,5.263157894736836,7.246376811594203,14.492753623188403,1.9999999999999996,target,1,1
A next open,PCJEWELLER,2024-07-09,9.964412811387891,2.8099173553718995,5.61983471074381,2.000000000000004,target,1,1
B retest,PCJEWELLER,2024-07-09,9.964412811387891,2.8099173553718995,14.049586776859524,5.00000000000001,target,1,1
C break,PCJEWELLER,2024-07-09,9.964412811387891,15.517241379310345,31.034482758620708,2.0000000000000013,target,12,1
A next open,PCJEWELLER,2024-07-11,4.072398190045257,3.3045977011494183,-3.3045977011494143,-0.9999999999999988,stop,1,1
B retest,PCJEWELLER,2024-07-11,4.072398190045257,2.745664739884386,5.491329479768781,2.000000000000003,target,2,1
C break,PCJEWELLER,2024-07-11,4.072398190045257,,,,no fill,0,0
A next open,BALKRISIND,2026-07-30,6.68684248450786,5.215711526078557,-0.09444086713886746,-0.018106995884772985,time,25,1
B retest,BALKRISIND,2026-07-30,6.68684248450786,,,,no fill,0,0
C break,BALKRISIND,2026-07-30,6.68684248450786,10.956970601282407,-8.940597652941884,-0.8159735001840266,time,25,1
A next open,JKPAPER,2025-08-25,7.814740464582726,6.943069306930696,-6.943069306930694,-0.9999999999999997,stop,1,1
B retest,JKPAPER,2025-08-25,7.814740464582726,6.943069306930696,-6.943069306930694,-0.9999999999999997,stop,1,1
C break,JKPAPER,2025-08-25,7.814740464582726,,,,no fill,0,0
A next open,JKPAPER,2026-05-19,6.3147973609801955,1.3371046541527356,-1.337104654152732,-0.9999999999999973,stop,1,1
B retest,JKPAPER,2026-05-19,6.3147973609801955,,,,no fill,0,0
C break,JKPAPER,2026-05-19,6.3147973609801955,,,,no fill,0,0
A next open,NEULANDLAB,2023-11-08,4.0379738604590765,4.955680902497985,9.911361804995966,1.9999999999999993,target,2,1
B retest,NEULANDLAB,2023-11-08,4.0379738604590765,4.451375106322657,8.902750212645305,1.999999999999998,target,1,1
C break,NEULANDLAB,2023-11-08,4.0379738604590765,12.160338102640955,-3.0673133314094714,-0.2522391487407179,time,25,1
A next open,JUBLFOOD,2025-11-14,5.483870967741944,2.6478232618583606,-2.647823261858362,-1.0000000000000004,stop,2,1
B retest,JUBLFOOD,2025-11-14,5.483870967741944,2.6003575491630104,-2.6003575491630126,-1.0000000000000009,stop,1,1
C break,JUBLFOOD,2025-11-14,5.483870967741944,,,,no fill,0,0
A next open,TORNTPOWER,2024-07-31,6.163741959657787,10.509383378016086,-10.509383378016091,-1.0000000000000004,stop,12,1
B retest,TORNTPOWER,2024-07-31,6.163741959657787,10.509383378016086,-10.509383378016091,-1.0000000000000004,stop,11,1
C break,TORNTPOWER,2024-07-31,6.163741959657787,,,,no fill,0,0
A next open,ADANIPOWER,2024-06-03,15.117433013562675,5.297823596792669,-5.297823596792672,-1.0000000000000007,stop,1,1
B retest,ADANIPOWER,2024-06-03,15.117433013562675,,,,no fill,0,0
C break,ADANIPOWER,2024-06-03,15.117433013562675,,,,no fill,0,0
A next open,ADANIPOWER,2025-09-19,7.089108910891073,10.222672064777313,21.390013495276673,2.092409240924097,target,2,1
B retest,ADANIPOWER,2025-09-19,7.089108910891073,,,,no fill,0,0
C break,ADANIPOWER,2025-09-19,7.089108910891073,18.49923430321592,-3.3078101071975508,-0.17880794701986766,time,25,1
A next open,LTFOODS,2026-02-03,17.674805771365154,5.108695652173908,-5.108695652173911,-1.0000000000000007,stop,2,1
B retest,LTFOODS,2026-02-03,17.674805771365154,4.624908958485059,-4.624908958485063,-1.0000000000000009,stop,1,1
C break,LTFOODS,2026-02-03,17.674805771365154,,,,no fill,0,0
A next open,CPPLUS,2025-11-13,4.974592136935008,6.954436450839328,-6.95443645083933,-1.0000000000000002,stop,10,1
B retest,CPPLUS,2025-11-13,4.974592136935008,5.659230441918419,-5.659230441918417,-0.9999999999999997,stop,9,1
C break,CPPLUS,2025-11-13,4.974592136935008,7.404092834556406,-7.404092834556408,-1.0000000000000004,stop,7,1
A next open,IRB,2024-01-30,5.403602401601071,12.062937062937063,-12.062937062937063,-1.0,stop,10,1
B retest,IRB,2024-01-30,5.403602401601071,11.23529411764706,-11.235294117647054,-0.9999999999999996,stop,9,1
C break,IRB,2024-01-30,5.403602401601071,12.521739130434783,-12.521739130434783,-1.0,stop,6,1
A next open,JKCEMENT,2023-11-06,5.40609582807785,5.048486629444613,10.09697325888923,2.000000000000001,target,20,1
B retest,JKCEMENT,2023-11-06,5.40609582807785,5.047091494144786,10.094182988289568,1.999999999999999,target,19,1
C break,JKCEMENT,2023-11-06,5.40609582807785,6.45184638323129,12.903692766462571,1.9999999999999987,target,22,1
A next open,GUJENERGY,2024-09-02,4.975698162945874,6.69378698224852,-6.693786982248517,-0.9999999999999996,stop,10,1
B retest,GUJENERGY,2024-09-02,4.975698162945874,6.69378698224852,-6.693786982248517,-0.9999999999999996,stop,9,1
C break,GUJENERGY,2024-09-02,4.975698162945874,,,,no fill,0,0
A next open,NORTHARC,2026-08-31,5.4418197725284445,3.755036261079767,-3.7550362610797694,-1.0000000000000007,stop,1,1
B retest,NORTHARC,2026-08-31,5.4418197725284445,3.755036261079767,-3.9000805801772787,-1.0386266094420626,stop,1,1
C break,NORTHARC,2026-08-31,5.4418197725284445,,,,no fill,0,0
A next open,JAYNECOIND,2023-11-07,4.913678618857897,2.681992337164744,-2.6819923371647403,-0.9999999999999987,stop,1,1
B retest,JAYNECOIND,2023-11-07,4.913678618857897,,,,no fill,0,0
C break,JAYNECOIND,2023-11-07,4.913678618857897,,,,no fill,0,0
A next open,JAYNECOIND,2023-11-21,4.952581664910416,7.4656188605108005,-7.465618860510803,-1.0000000000000004,stop,4,1
B retest,JAYNECOIND,2023-11-21,4.952581664910416,5.421686746987944,-5.421686746987941,-0.9999999999999996,stop,3,1
C break,JAYNECOIND,2023-11-21,4.952581664910416,6.547619047619042,-6.547619047619047,-1.0000000000000007,stop,1,1
A next open,JAYNECOIND,2024-02-06,4.761904761904745,7.594936708860753,17.540687160940326,2.3095238095238115,target,4,1
B retest,JAYNECOIND,2024-02-06,4.761904761904745,,,,no fill,0,0
C break,JAYNECOIND,2024-02-06,4.761904761904745,18.174539631705365,-18.174539631705365,-1.0,stop,21,1
A next open,JAYNECOIND,2024-02-09,4.9579831932773155,12.61538461538462,-12.615384615384617,-0.9999999999999997,stop,2,1
B retest,JAYNECOIND,2024-02-09,4.9579831932773155,9.047237790232195,-9.047237790232199,-1.0000000000000004,stop,1,1
C break,JAYNECOIND,2024-02-09,4.9579831932773155,,,,no fill,0,0
A next open,RAIN,2026-05-11,7.634543178973741,6.7786296701959445,-6.778629670195945,-1.0000000000000002,stop,5,1
B retest,RAIN,2026-05-11,7.634543178973741,6.477016055185894,-6.477016055185891,-0.9999999999999996,stop,4,1
C break,RAIN,2026-05-11,7.634543178973741,,,,no fill,0,0
A next open,ISGEC,2026-02-10,12.865385834760001,4.557640750670242,-4.557640750670244,-1.0000000000000007,stop,2,1
B retest,ISGEC,2026-02-10,12.865385834760001,4.403866809881848,-4.403866809881851,-1.0000000000000009,stop,1,1
C break,ISGEC,2026-02-10,12.865385834760001,,,,no fill,0,0
A next open,MTARTECH,2026-04-15,5.43957793241463,8.924780253576445,17.849560507152894,2.0000000000000004,target,11,1
B retest,MTARTECH,2026-04-15,5.43957793241463,7.103681366497339,14.207362732994678,2.0,target,9,1
C break,MTARTECH,2026-04-15,5.43957793241463,8.709228321400152,17.418456642800308,2.0000000000000004,target,8,1
A next open,AVANTIFEED,2025-09-10,8.112004856579148,5.716580761764515,-5.7165807617645115,-0.9999999999999993,stop,9,1
B retest,AVANTIFEED,2025-09-10,8.112004856579148,5.716580761764515,-5.7165807617645115,-0.9999999999999993,stop,8,1
C break,AVANTIFEED,2025-09-10,8.112004856579148,,,,no fill,0,0
A next open,AVANTIFEED,2026-02-03,19.999999999999996,5.046689749239327,10.093379498478662,2.0000000000000013,target,1,1
B retest,AVANTIFEED,2026-02-03,19.999999999999996,5.046689749239327,11.252754170601186,2.2297297297297263,target,1,1
C break,AVANTIFEED,2026-02-03,19.999999999999996,13.727359389895138,27.454718779790266,1.9999999999999993,target,4,1
A next open,LUMAXTECH,2024-09-16,7.910906298003084,4.471650603455761,-4.471650603455757,-0.999999999999999,stop,1,1
B retest,LUMAXTECH,2024-09-16,7.910906298003084,3.52507891967731,-3.5250789196773047,-0.9999999999999984,stop,12,1
C break,LUMAXTECH,2024-09-16,7.910906298003084,,,,no fill,0,0
A next open,LUMAXTECH,2025-05-30,8.503767491926805,7.861499599531754,15.722999199063503,1.9999999999999993,target,2,1
B retest,LUMAXTECH,2025-05-30,8.503767491926805,7.861499599531754,15.722999199063503,1.9999999999999993,target,1,1
C break,LUMAXTECH,2025-05-30,8.503767491926805,19.249460043196546,21.231101511879036,1.1029453015427761,time,25,1
A next open,LUMAXTECH,2025-11-10,5.8073654390934815,8.640287769784166,13.359712230215838,1.5462114904246484,time,25,1
B retest,LUMAXTECH,2025-11-10,5.8073654390934815,8.39645098463535,8.100699704248715,0.9647766323024061,time,25,1
C break,LUMAXTECH,2025-11-10,5.8073654390934815,10.87170129140931,1.8739472206625418,0.17236927049709438,time,25,1
A next open,KEI,2024-08-20,4.182169965768701,5.099195198761515,-5.099195198761519,-1.0000000000000009,stop,10,1
B retest,KEI,2024-08-20,4.182169965768701,4.969207899766405,-4.9692078997664035,-0.9999999999999997,stop,9,1
C break,KEI,2024-08-20,4.182169965768701,,,,no fill,0,0
A next open,DBREALTY,2024-01-15,8.690770267235571,5.714285714285714,-5.714285714285716,-1.0000000000000002,stop,1,1
B retest,DBREALTY,2024-01-15,8.690770267235571,5.675786035116377,-5.675786035116381,-1.0000000000000009,stop,1,1
C break,DBREALTY,2024-01-15,8.690770267235571,,,,no fill,0,0
A next open,DBREALTY,2026-05-04,4.277300376556914,16.004709576138147,-12.645211930926214,-0.7900931829328101,time,25,1
B retest,DBREALTY,2026-05-04,4.277300376556914,13.896041197296425,-13.896041197296427,-1.0000000000000002,stop,25,1
C break,DBREALTY,2026-05-04,4.277300376556914,23.26281821441376,-23.262818214413763,-1.0000000000000002,stop,23,1
A next open,KIOCL,2023-09-18,4.500381388253238,14.238095238095244,31.428571428571427,2.2073578595317715,target,19,1
B retest,KIOCL,2023-09-18,4.500381388253238,14.129052765416414,31.595677050222505,2.236220472440943,target,18,1
C break,KIOCL,2023-09-18,4.500381388253238,16.362229102167188,32.72445820433438,2.0000000000000004,target,16,1
A next open,KIOCL,2023-12-08,7.262896390472018,7.200103412616345,-7.200103412616343,-0.9999999999999998,stop,4,1
B retest,KIOCL,2023-12-08,7.262896390472018,4.623355918692715,-4.623355918692718,-1.0000000000000007,stop,3,1
C break,KIOCL,2023-12-08,7.262896390472018,,,,no fill,0,0
A next open,OFSS,2025-09-10,5.943183168905275,11.35678391959799,-11.35678391959799,-1.0,stop,12,1
B retest,OFSS,2025-09-10,5.943183168905275,4.797884397431054,-4.797884397431051,-0.9999999999999994,stop,11,1
C break,OFSS,2025-09-10,5.943183168905275,,,,no fill,0,0
A next open,OFSS,2026-07-23,4.128651737167077,7.0265718562874255,10.91878742514969,1.5539280958721688,time,25,1
B retest,OFSS,2026-07-23,4.128651737167077,7.0265718562874255,14.053143712574844,1.999999999999999,target,25,1
C break,OFSS,2026-07-23,4.128651737167077,12.795085563843791,6.9504168494954,0.5432098765432104,time,25,1
A next open,ARE&M,2024-06-25,7.304083185391841,10.89951865222624,-10.899518652226236,-0.9999999999999997,stop,19,1
B retest,ARE&M,2024-06-25,7.304083185391841,10.044344551087361,-10.04434455108736,-0.9999999999999998,stop,17,1
C break,ARE&M,2024-06-25,7.304083185391841,10.579390718879264,-10.579390718879267,-1.0000000000000004,stop,16,1
A next open,GOKEX,2023-08-30,6.071938532671517,9.56397766425092,-9.563977664250922,-1.0000000000000002,stop,2,1
B retest,GOKEX,2023-08-30,6.071938532671517,9.56397766425092,-9.563977664250922,-1.0000000000000002,stop,1,1
C break,GOKEX,2023-08-30,6.071938532671517,,,,no fill,0,0
A next open,GOKEX,2026-02-04,12.15330307614726,9.75975975975976,-9.759759759759756,-0.9999999999999997,stop,5,1
B retest,GOKEX,2026-02-04,12.15330307614726,9.75975975975976,-9.759759759759756,-0.9999999999999997,stop,4,1
C break,GOKEX,2026-02-04,12.15330307614726,9.797682655940449,-9.797682655940443,-0.9999999999999994,stop,2,1
A next open,REDINGTON,2025-11-06,5.954045954045939,7.617221544361172,-7.617221544361175,-1.0000000000000004,stop,22,1
B retest,REDINGTON,2025-11-06,5.954045954045939,7.617221544361172,-7.617221544361175,-1.0000000000000004,stop,21,1
C break,REDINGTON,2025-11-06,5.954045954045939,9.648823729969317,-9.648823729969314,-0.9999999999999997,stop,18,1
A next open,SHAKTIPUMP,2024-01-30,7.786691835771586,7.794327688226901,-7.794327688226899,-0.9999999999999997,stop,17,1
B retest,SHAKTIPUMP,2024-01-30,7.786691835771586,7.794327688226901,-7.794327688226899,-0.9999999999999997,stop,16,1
C break,SHAKTIPUMP,2024-01-30,7.786691835771586,11.130776794493613,-11.130776794493613,-1.0,stop,14,1
A next open,SHAKTIPUMP,2024-05-02,4.995458673932784,5.931621584511868,-6.206233694905938,-1.0462962962962967,stop,6,1
B retest,SHAKTIPUMP,2024-05-02,4.995458673932784,1.2254901960784315,-1.5138408304498308,-1.2352941176470618,stop,1,1
C break,SHAKTIPUMP,2024-05-02,4.995458673932784,13.267502215470305,-13.520698822635769,-1.0190839694656488,stop,3,1
A next open,ASTERDM,2024-08-01,4.451808096816023,3.5597826086956585,7.1195652173913215,2.0000000000000013,target,4,1
B retest,ASTERDM,2024-08-01,4.451808096816023,3.5597826086956585,7.1195652173913215,2.0000000000000013,target,3,1
C break,ASTERDM,2024-08-01,4.451808096816023,6.111111111111117,8.06878306878307,1.3203463203463193,time,25,1
A next open,KAYNES,2024-05-17,14.904473484332105,10.01916932907348,-10.019169329073474,-0.9999999999999994,stop,12,1
B retest,KAYNES,2024-05-17,14.904473484332105,,,,no fill,0,0
C break,KAYNES,2024-05-17,14.904473484332105,17.6009362200117,-17.600936220011697,-0.9999999999999998,stop,9,1
A next open,KAYNES,2024-07-29,5.765950187649271,5.433695652173909,-6.021739130434778,-1.1082216443288657,stop,4,1
B retest,KAYNES,2024-07-29,5.765950187649271,5.313278843746928,-5.902071112175255,-1.110815239655879,stop,3,1
C break,KAYNES,2024-07-29,5.765950187649271,,,,no fill,0,0
A next open,SIGMAADV,2024-02-22,4.118715929739558,17.599999999999994,-17.599999999999994,-1.0,stop,5,1
B retest,SIGMAADV,2024-02-22,4.118715929739558,16.556962025316448,-16.556962025316444,-0.9999999999999998,stop,4,1
C break,SIGMAADV,2024-02-22,4.118715929739558,16.893595562279373,-16.893595562279373,-1.0,stop,2,1
A next open,SIGMAADV,2025-09-23,4.995132635677768,3.508249449044009,-3.5082494490440097,-1.0000000000000002,stop,3,1
B retest,SIGMAADV,2025-09-23,4.995132635677768,3.508249449044009,-3.5082494490440097,-1.0000000000000002,stop,2,1
C break,SIGMAADV,2025-09-23,4.995132635677768,,,,no fill,0,0
A next open,SIGMAADV,2026-04-23,4.409885898057175,6.967042136003333,14.288694201084695,2.0508982035928165,target,4,1
B retest,SIGMAADV,2026-04-23,4.409885898057175,6.432257793815303,14.945663575714342,2.323548597521198,target,3,1
C break,SIGMAADV,2026-04-23,4.409885898057175,14.529914529914539,29.059829059829067,1.9999999999999993,target,8,1
A next open,SIGMAADV,2026-04-30,4.997262274137615,7.4074074074074066,-7.4074074074074066,-1.0,stop,1,1
B retest,SIGMAADV,2026-04-30,4.997262274137615,4.394381866221662,8.788763732443329,2.0000000000000013,target,4,1
C break,SIGMAADV,2026-04-30,4.997262274137615,,,,no fill,0,0
A next open,BAJAJCON,2026-01-22,9.112952111537687,13.815681780978881,27.631363561957766,2.0000000000000004,target,15,1
B retest,BAJAJCON,2026-01-22,9.112952111537687,11.333782418322661,24.62108454024925,2.172362555720656,target,7,1
C break,BAJAJCON,2026-01-22,9.112952111537687,16.441834629423905,14.696079987303602,0.8938223938223936,time,25,1
A next open,INDIAMART,2025-06-25,4.288749048058049,3.3707865168539324,-3.3707865168539297,-0.9999999999999992,stop,3,1
B retest,INDIAMART,2025-06-25,4.288749048058049,3.029391866496276,-3.0293918664962782,-1.0000000000000007,stop,2,1
C break,INDIAMART,2025-06-25,4.288749048058049,,,,no fill,0,0
A next open,PGIL,2025-10-23,4.1825095057034245,4.729441840647644,-4.729441840647642,-0.9999999999999994,stop,2,1
B retest,PGIL,2025-10-23,4.1825095057034245,4.308131241084172,-4.308131241084167,-0.999999999999999,stop,1,1
C break,PGIL,2025-10-23,4.1825095057034245,,,,no fill,0,0
A next open,LAURUSLABS,2025-01-30,4.073188672306016,4.717948717948722,9.435897435897434,1.9999999999999982,target,6,1
B retest,LAURUSLABS,2025-01-30,4.073188672306016,4.717948717948722,9.435897435897434,1.9999999999999982,target,5,1
C break,LAURUSLABS,2025-01-30,4.073188672306016,6.812672406586977,-6.812672406586973,-0.9999999999999994,stop,8,1
A next open,SANSERA,2026-05-21,13.42611213900733,4.529616724738676,9.059233449477343,1.999999999999998,target,22,1
B retest,SANSERA,2026-05-21,13.42611213900733,4.011210369591872,8.022420739183755,2.0000000000000027,target,21,1
C break,SANSERA,2026-05-21,13.42611213900733,5.517241379310345,11.03448275862069,2.0,target,21,1
A next open,WABAG,2023-10-17,5.4284432480933065,8.329240742559676,-8.329240742559673,-0.9999999999999996,stop,4,1
B retest,WABAG,2023-10-17,5.4284432480933065,7.621498564782739,-7.621498564782736,-0.9999999999999997,stop,3,1
C break,WABAG,2023-10-17,5.4284432480933065,,,,no fill,0,0
A next open,WABAG,2025-05-22,5.662787397104729,4.749562625542666,-4.749562625542669,-1.0000000000000007,stop,21,1
B retest,WABAG,2025-05-22,5.662787397104729,3.6823483160791537,7.364696632158307,2.0,target,2,1
C break,WABAG,2025-05-22,5.662787397104729,6.369426751592357,-6.369426751592355,-0.9999999999999997,stop,18,1
A next open,PRIVISCL,2025-11-06,4.721691632317948,4.725609756097561,-4.72560975609756,-0.9999999999999998,stop,12,1
B retest,PRIVISCL,2025-11-06,4.721691632317948,4.725609756097561,-4.72560975609756,-0.9999999999999998,stop,11,1
C break,PRIVISCL,2025-11-06,4.721691632317948,7.270029673590504,-7.270029673590505,-1.0000000000000002,stop,9,1
A next open,MANINDS,2025-05-12,5.001909125620485,17.264879600181736,16.674238982280777,0.9657894736842102,time,25,1
B retest,MANINDS,2025-05-12,5.001909125620485,,,,no fill,0,0
C break,MANINDS,2025-05-12,5.001909125620485,15.433436532507747,12.848297213622285,0.8324974924774315,time,25,1
A next open,MANINDS,2026-04-08,4.498360655737699,8.373927163071219,16.74785432614243,1.9999999999999991,target,5,1
B retest,MANINDS,2026-04-08,4.498360655737699,8.373927163071219,16.74785432614243,1.9999999999999991,target,4,1
C break,MANINDS,2026-04-08,4.498360655737699,11.24592742388496,22.491854847769922,2.0000000000000004,target,3,1
